Sr. No.,Date (dd/mm/yyyy),Startup Name,Industry / Vertical,Sub-Vertical,City / Location,Investors' Name,Investment Type,Amount (In USD)
1,11/02/2021,Doubtnut,Edu Tech,E-Learning Platform,Gurgaon,"SIG Global, Sequoia Capital, WaterBridge Ventures and ON Mauritius",Series B,"2,500,000"
2,22/02/2021,Zomato,Hospitality,Online Food Delivery Platform,Gurgaon,"Tiger Global, Kora",Venture,"250,000,000"
3,19/02/2021,Fingerlix,Hospitality,Semi-cooked food delivery app,Mumbai,"Rhodium Trust, Accel Partners and Swiggy",Series C,"2,747,045.20"
4,17/02/2021,Zolve,FinTech,Global Neobank Venture,Mumbai,Accel Partners and Lightspeed Venture Partners,Seed,"1,50,00,000"
5,15/02/2021,KreditBee,Finance,Digital lending platform,Bengaluru,Azim Premji’s PremjiInvest and South Korea’s Mirae Asset Venture,Series C,"75,000,000"
6,12/02/2021,Pepperfry,E-commerce,Multi-brand furniture brand,Mumbai,InnoVen Capital,Debt Financing,"4,773,958"
7,12/02/2021,Grofers,E-Commerce,Online supermarket,Gurgaon,SoftBank Vision Fund (SVF),Unspecified,"55,000,000"
8,09/02/2021,Nothing,Technology,Consumer Technology Venture,London,GV,Series A,"15,000,000"
9,09/02/2021,SplashLearn,EdTech,Game-based learning programme,Gurgaon,Owl Ventures,Series C,"18,000,000"
Sr. No.,Date (dd/mm/yyyy),Startup Name,Industry / Vertical,Sub-Vertical,City / Location,Investors' Name,Investment Type,Amount (In USD)
1,15/01/2021,Digit Insurance,Financial Services,Insurance Services,Bengaluru,"A91 Partners, Faering Capital, TVS Capital Funds",Venture,"1,80,00,000"
2,28/01/2021,Bombay Shaving Company,Consumer Goods Company,"Shave care, beard care, and skincare products",New Delhi,Reckitt Benckiser,Venture,"6,172,258.50"
3,19/01/2021,DeHaat,AgriTech Startup,online marketplace for farm products and services,Patna,Prosus Ventures,Series C,"30,000,000"
4,19/01/2021,Darwinbox,SaaS,HR Tech,Mumbai,Salesforce Ventures,Seed,"15,000,000"
5,18/01/2021,mfine,Health Tech Startup,AI-powered telemedicine mobile app,Bengaluru,Heritas Capital Management,Venture Round,"16,000,000"
6,18/01/2021,Udayy,EdTech,Online learning platform for kids in class 1-5,Gurgaon,Sequoia Capital,Seed Funding,"15,000,000"
7,11/01/2021,True Elements,Food Startup,Whole Food plant based Nashta,Pune,SIDBI Venture Capital,Series,"100,000,000"
8,13/01/2021,Saveo,B2B E-commerce,Pharmacies,Bengaluru,"Matrix Partners India, RTP Global, others",Seed,"4,000,000"
Sr. No.,Date (dd/mm/yyyy),Startup Name,Industry / Vertical,Sub-Vertical,City / Location,Investors' Name,Investment Type,Amount (In USD)
1,15/12/2020,Bira 91,Food and Beverage,Craft Beer,New Delhi,"Nishant Mittal, Pankaj Chaddah and Shikha Sunil Chandak",Funding,"1,273,634.07"
2,21/12/2020,Pine Labs,Financial Services,Payment Solutions Provider,Noida,Lone Pine Capital,Secondary Market,Undisclosed
3,15/12/2020,Zenoti,Technology Provider,Cloud-based software provider for the spa and salon industries,Washington,Advent International,Series D,"160,000,000"
4,22/12/2020,Tax Buddy India,FinTech,Online tax adviser,Mumbai,Zenith Global,Seed,"1,000,000"
5,15/12/2020,Delhivery,Supply chain,Transportation,Gurgaon,Steadview Capital,Secondary Market,"25,000,000"
6,18/12/2020,PagarBook,SaaS,Employee management platform,Bengaluru,Sequoia Capital,Series A,"15,000,000"
Sr. No.,Date (dd/mm/yyyy),Startup Name,Industry / Vertical,Sub-Vertical,City / Location,Investors' Name,Investment Type,Amount (In USD)
1,30/11/2020,Codingal,EduTech,Online coding platform,Bengaluru,"Rebright Partners, Java Capital, and GSF Accelerator",Seed,"560,000"
2,30/11/2020,CRED,Financial Services,Credit Card Behavior Services,Bengaluru,DST Global,Series C,"80,000,000"
3,29/11/2020,Bira 91,Food and Beverage,Craft Beer,New Delhi,"Sofina, Sequoia Capital, Sixth Sense Ventures, Neoplux",Bridge Funding,"3,000,000"
4,27/11/2020,Chumbak,Lifestyle,Gifting Startup,Bengaluru,Gaja Capital Fund (GCFII-A),Pre-series E,"1,001,047.92"
5,25/11/2020,Cityflo,Transportation,App-based bus commute startup,Mumbai,Lightbox Ventures,Series A,"7,700,000"
6,25/11/2020,Shipsy,SaaS,Software Automation Of Logistics,Gurgaon,"Sequoia Capital India’s Surge, Info Edge",Series A,"6,003,806"
7,25/11/2020,Unacademy,Edutech,Online Learning Platform,Bengaluru,"Tiger Global Management, Dragoneer Investment Group",Venture,"75,000,000-100,000,000"
8,24/11/2020,Cashfree,FinTech,Payments and banking technology,Bengaluru,"Matrix Partners India, SAIF Partners, Ward Ferry Management and Bertelsmann India",Series B,"35,300,000"
9,30/11/2020,Credgenics,Fintech,Critical NPA reduction for Fintech lenders and banks,Gurgaon,"Venture Capital firm, Accel Partners and DMI Finance",Pre-Series A,"3,500,000"
10,23/11/2020,Country Delight,Dairy Tech,Milk delivery startup,Gurugram,Elevation Capital,Series C,"25,000,000"
Sr. No.,Date (dd/mm/yyyy),Startup Name,Industry / Vertical,Sub-Vertical,City / Location,Investors' Name,Investment Type,Amount (In USD)
1,28/10/2020,Nykaa,E-commerce,"Beauty, Fashion, Lifestyle, Wellness",Mumbai,Alia Bhatt,Personal Investment,NA
2,28/10/2020,Betterplace,Digital Solutions,Blue Collar Workforce Management Platform,Bangalore,Jungle Ventures,Series B,"10,000,000"
3,28/10/2020,FlexiLoans,FinTech,Digital Lending Platform,Mumbai,Falguni and Sanjay Nayar Family Office,Equity and Debt,"20,160,000"
4,27/10/2020,GetVantage,FinTech,Revenue-Based Financing Platform,Mumbai,"Chiratae Ventures, Dream Incubators",Seed,"5,000,000"
5,27/10/2020,FreshToHome,E-commerce,Food Delivery,Bangalore,"Corporation of Dubai (ICD), Ascent Capital, DFC, the Allana Group",Series C,"121,000,000"
6,27/10/2020,Origo,AgriTech,Agricultural Commodities Management,Gurgaon,Northern Arc Capital,Debt,"4,700,000"
7,27/10/2020,Origo,Advertising,Online Video Editing,Mumbai,Sequoia Capital India,Series A,"15,000,000"
8,15/10/2020,Treebo Hotels,Hospitality,Budget Hospitality Chain,Bangalore,"Matrix Partners India, SAIF Partners, Ward Ferry Management and Bertelsmann India",,"6,000,000"
9,26/10/2020,Hubilo,Information Technology,Virtual Events Platform,"Wilmington, Delaware, United States",Lightspeed Venture Partners,Seed,"4,500,000"
10,28/10/2020,CredAble,FinTech,Supply Chain Finance,Mumbai,Oaks Asset Management and V’Ocean Investment,Follow-On,"4,500,000"
11,21/10/2020,Pocket FM,Information Technology,Audiobook & Podcast App,Bangalore,"Tencent, Times Group and Lightspeed India",Series A,"5,500,000"
12,04/08/2020,InVideo,Technology,Video Editor,Bangalore,Sequoia India,Series A,"15,000,000"
Sr. No.,Date (dd/mm/yyyy),Startup Name,Industry / Vertical,Sub-Vertical,City / Location,Investors' Name,Investment Type,Amount (In USD)
1,08/09/2020,Byju’s,EduTech,Online Tutoring,Bangalore,"Silver Lake, Tiger Global, General Atlantic and Owl Ventures",Private Equity,"500,000,000"
2,12/09/2020,mCaffeine,Personal Care,Skincare & Haircare,Mumbai,"Amicus Capital Private Equity I LLP, Amicus Capital Partners India Fund I and RP-SG Venture Fund 1",Series B,"3,000,000"
3,09/09/2020,Qshala,EduTech,Online Curiosity Platform for Kids,Bangalore,Rainmatter Capital,Angel,"370,000"
4,02/09/2020,Winzo,Online Gaming,Online Gaming,New Delhi,"Kalaari Capital Partners, IndigoEdge Management Consultancy",Series B,"15,500,000"
5,09/09/2020,Hippo Video,Video Customer Experience(CX) Platform,Video Customer Experience(CX) Platform,"Newark, Delaware, United States of Amercia","Alpha Wave Incubation, Exfinity Venture Partners and existing backers.",Series A,"4,500,000"
6,07/09/2020,Melorra,E-commerce,Online Jewelry Store,Bangalore,"Shadow Holdings, Lightbox.",Debt Financing,"upto 8,900,000"
7,07/09/2020,1mg,E-commerce,Online Pharmacy,Gurgaon,"Gaja Capital, Tata Capital, Partners Group",In Progress,"100,000,000"
8,31/08/2020,mfine,HealthTech,On-Demand Healthcare Services,Bangalore,Caretech Pte Inc,Series B,"5,400,000"
9,31/08/2020,Apna,Human Resources,Recruitment Platform,Bangalore,Lightspeed India and Sequoia Capital India,Series A,"8,000,000"
10,03/09/2020,Railofy,Transportation,WL & RAC protection platform,Mumbai,Chiratae Ventures,Seed,"950,000"
11,08/09/2020,Cell Propulsion,Automobile,Electric Mobility Solutions,Bangalore,growX Ventures and Micelio,pre-Series A,NA
Sr. No.,Date (dd/mm/yyyy),Startup Name,Industry / Vertical,Sub-Vertical,City / Location,Investors' Name,Investment Type,Amount (In USD)
1,15/08/2020,Practo,HealthTech,Health care and Wellness,Bangalore,A1A Company,Series F,"32,000,000"
2,13/08/2020,Medlife,E-commerce,Online Pharmacy,Bangalore,Prasid Uno Family Trust and SC Credit Fund,,"23,000,000"
3,13/08/2020,HungerBox,FoodTech,Online Food Delivery Service,Bangalore,"One97, Sabre Partners Trust, Pratithi Investment Trust, and Srihari Kumar",Series D1,"1,560,000"
4,04/08/2020,Dunzo,Hyper-local Logistics,Online Delivery Services,Bangalore,Existing Backers,In Progress,"30,000,000"
5,11/08/2020,Terra.do,EduTech,"Online Climate School, E-learning","Stanford, California,","Stanford Angels and Entrepreneurs (India), BEENEXT Emerging Asia, Rainmatter Capital",Seed,"1,400,000"
6,12/08/2020,Classplus,EduTech,"E-learning, Online Tutoring",Noida,Falcon Edge,In Progress,"upto 15,000,000"
7,14/08/2020,Niyo,FinTech,Financial Services,Bangalore,Niyo Solutions Inc.,,"6,000,000"
8,10/08/2020,ZestMoney,FinTech,Financial Services,Bangalore,Primrose Hills Ventures,,"10,670,000"
9,07/08/2020,FreshToHome,E-commerce,Food Delivery,Bangalore,Ascent Capital,Venture,"16,200,000"
10,13/08/2020,Eduvanz,FinTech,Financial Services,Mumbai,"Sequoia India, Unitus",Series A,"5,000,000"
11,03/08/2020,CrowdPouch,FinTech,Financial Services,Bangalore,Elina Investments Pvt. Ltd,Angel,NA
12,04/08/2020,DrinkPrime,Water Purification,Water Purification,Bangalore,"Sequoia Surge, ON Mauritius",Pre-Series A,"2,880,000"
Sr. No.,Date (dd/mm/yyyy),Startup Name,Industry / Vertical,Sub-Vertical,City / Location,Investors' Name,Investment Type,Amount (In USD)
1,15/07/2020,Flipkart,E-commerce,E-commerce,Bangalore,Walmart Inc,M&A,"1,200,000,000"
2,16/07/2020,Vedantu,EduTech,Online Tutoring,Bangalore,Coatue Management,Series D,"100,000,000"
3,16/07/2020,Crio,EduTech,Learning Platform for Developers,Bangalore,021 Capital,pre-Series A,"934,160"
4,14/07/2020,goDutch,FinTech,Group Payments,Mumbai,"Matrix India,Y Combinator, Global Founders Capital, Soma Capital, and VentureSouq.",Seed,"1,700,000"
5,13/07/2020,Mystifly,Airfare Marketplace,"Ticketing, Airline Retailing, and Post-Ticketing Services",Singapore and Bangalore,Recruit Co. Ltd.,pre-Series B,"3,300,000"
6,09/07/2020,JetSynthesys,Gaming and Entertainment,Gaming and Entertainment,Pune,Adar Poonawalla and Kris Gopalakrishnan.,Venture-Series Unknown,"400,000"
7,10/07/2020,gigIndia,Marketplace,"Crowd Sourcing, Freelance",Pune,Incubate Fund India and Beyond Next Ventures,pre-Series A,"974,200"
8,15/07/2020,PumPumPum,Automotive Rental,Used Car-leasing platform,Gurgaon,Early Adapters Syndicate,Seed,"292,800"
9,14/07/2020,FLYX,OTT Player,Streaming Social Network,New York and Delhi,"Raj Mishra, founder of AIT Global Inc",pre-Seed,"200,000"
10,13/07/2020,Open Appliances Pvt. Ltd.,Information Technology,Internet-of-Things Security Solutions,Bangalore,Unicorn India Ventures,Venture-Series Unknown,"500,000"
Sr. No.,Date (dd/mm/yyyy),Startup Name,Industry / Vertical,Sub-Vertical,City / Location,Investors' Name,Investment Type,Amount (In USD)
1,18/06/2020,Drishti Technologies,Technology,"Artificial Intelligence, Video Analytics",Mumbai,Sozo Ventures,Series B,"25,000,000"
2,17/06/2020,Stellaps,AgriTech,"Farming, Dairy Management Apps",Bangalore,Stride Ventures,Debt Financing,NA
3,17/06/2020,Peppermint,Industrial Robotics,Industrial Robotics,Mumbai,Venture Catalysts and Naveen Kshatriya,Seed,NA
4,16/06/2020,Jai Kisan,Rural FinTech,"AgriTech, Financial Services",Mumbai,Arkam Ventures and NABVENTURES Fund I,Pre-Series A,"3,934,941"
5,16/06/2020,Biomoneta,BioTech,"HealthTech, Biotechnology Research",Bangalore,"Beyond Next Ventures, ArthaVida Ventures and Dr. Aniruddha Malpani",Seed,NA
6,15/06/2020,Sai Estate Management and Skills Institute,EdTech,Education,Mumbai,Suniel Shetty,Angel,NA
7,15/06/2020,LetsTransport,Logistics Solution Provider,"Logistics, Transportation, Travel",Bangalore,Stride Ventures,Venture - Series Unknown,"1,311,647"
8,10/06/2020,WayCool Foods,AgriTech,Food and Beverage,Chennai,Indusland Bank,Series C,"5,500,000"
9,11/06/2020,Myelin Foundry,Deep Tech AI,Artificial Intelligence,Bangalore,Kris Gopalakrishnan’s family office — Pratithi.,Seed,"1,000,000"
10,10/06/2020,Hapramp,"Block Chain, Cryptocurrency","Block Chain, Cryptocurrency",Gurugram,Anand Mahindra,Seed,"1,000,000"
Sr. No.,Date (dd/mm/yyyy),Startup Name,Industry / Vertical,Sub-Vertical,City / Location,Investors' Name,Investment Type,Amount (In USD)
1,21/05/2020,leap.club,Professional Network for Women,Professional Network for Women,Gurugram,"Whiteboard Capital (Sandeep Tandon’s VC fund), FirstCheque, Artha India Ventures, Sweta Rau (Founder, White Ventures), Amrish Rau (CEO Pinelabs, Founder Citrus Pay), Deepak Abbot (Former SVP, Paytm), and Harpreet Singh Grover (Co-founder, Co-Cubes) and others.",Pre Seed,"340,000"
2,20/05/2020,Tring,Advertising,Celebrity Engagement Platform,Mumbai,"Tencent, Ark Impact, KoKalyan Krishnamurthy of Flipkart, Sujeet Kumar of Udaan, Gaurav Munjal of Unacademy, Keshav Sanghi of VentureWorks India, Roman Saini of Unacademy, Hemesh Singh of Unacademy, and Sumit Jain of Opentalk amongst others.",Angel,NA
3,20/05/2020,Khatabook,Utility Solutions Provider,"Financial Services, Accounting, Payments.",Bangalore,"B Capital Group, Sequoia India, Partners of DST Global, Tencent, GGV, RTP Global, Hummingbird Ventures, Falcon Edge Capital, Rocketship.vc, Unilever Ventures, Kevin Weil, Alexander Will, Kunal Shah, Kunal Bahl, and Rohit Bansal",Series B,"60,000,000"
4,19/05/2020,Vakilsearch,LegalTech,"Online professional services platform for lawyers, corporate bodies, and professionals in India.",Chennai,"Udaan co-founder, Sujeet Kumar",Series A,NA
5,19/05/2020,Lendingkart,FinTech,"Financial Services, Lending, Micro Lending.",Ahmedabad,"Fullerton Financial Holdings Pte Ltd (FFH) and Bertelsmann India Investments, Sistema Asia Fund and India Quotient.",Series D,"42,000,000"
6,21/05/2020,No Worry No Tension Healthcare (NWNT),Healthcare,Emotional health and mental health wellness,New Delhi,"Amit Burman, Chairman of Dabur India,",Pre Series A,NA
7,05/05/2020,Classplus,EduTech,"e-learning, education solutions.",Noida,"RTP Global, lume Ventures, Sequoia Capital India's Surge, Spiral Ventures, and Strive.",Series A,"9,000,000"
8,11/05/2020,Nykaa,E-commerce,Cosmetic and Beauty Products,Mumbai,Steadview Capital,Series F,"8,800,000"
9,13/05/2020,Magicpin,E-commerce,E-commerce,Gurugram,"Lightspeed Venture Partners, along with the participation of Moonstone Investments, WaterBridge Venture, The Bunting Family Private Fund, and Srivatsan Rajan",Series C,"4,000,000"
10,18/05/2020,LetsTransport,Logistics Solution Provider,"Logistics, Transportation, Travel",Bangalore,InnoVen Capital,Venture - Series Unknown,"1,700,000"
Sr. No.,Date (dd/mm/yyyy),Startup Name,Industry / Vertical,Sub-Vertical,City / Location,Investors' Name,Investment Type,Amount (In USD)
1,09/04/2020,Vedantu,EduTech,Online Tutoring,Bengaluru,Legend Capital,Series C1,"12,560,000"
2,06/04/2020,Swiggy,Online Food Delivery,Online Food Delivery,Bengaluru,"Tencent, Ark Impact, Korea Investment Partners, Samsung Ventures, and Mirae Asset Capital Markets",Series 1,"43,000,000"
3,08/04/2020,Zupee,Gaming,Gaming,Gurugram,"Matrix Partners India, Falcon Edge Capital, WestCap Group, Orios Venture Partners and Smile Group",Series A,"8,000,000"
4,07/04/2020,DeHaat,AgriTech,AgriTech,Patna,"Sequoia Capital India, FMO, Omnivore and AgFunder.",Series A,"12,000,000"
5,15/04/2020,BigBasket,E-commerce,Online Grocery Delivery,Bengaluru,Alibaba Group,Debt Financing,"50,000,000"
6,08/04/2020,Fingerlix,Food Delivery,Ready-to-Cook Food,Mumbai,"Accel, Zephyr Peacock, Swiggy, and RB Investments",Series C,"1,800,000"
7,31/03/2020,Nykaa,E-commerce,Cosmetic and Beauty Products,Mumbai,Steadview Capital,Series F,"13,000,000"
8,02/04/2020,Recko,Digital Reconcilation and Financial Services,AI-powered Reconciliation of Digital Transactions,Bengaluru,Vertex Ventures Southeast Asia and India and Prime Venture Partners,Series A,"6,000,000"
Sr. No.,Date (dd/mm/yyyy),Startup Name,Industry / Vertical,Sub-Vertical,City / Location,Investors' Name,Investment Type,Amount (In USD)
1,04/03/2020,Soxytoes,E-commerce,Socks,Noida,Angel Networks,Angel,NA
2,02/03/2020,Chqbook.com,Finance,Financial Services,Gurugram,Aavishkaar Capital,Series A,"5,000,000"
3,06/03/2020,Paperboat,E-commerce,Beverages and Snacks,Bengaluru,"Advent Management, A91 Emerging Fund, and Trifecta Venture.",Debt Financing,"4,000,000"
4,13/03/2020,CollegeKhabri,EduTech,Education,Bhopal,Vdiec Global,Angel,NA
5,12/03/2020,FamPay,Finance,Online Payment,Bengaluru,"Y Combinator, Venture Highway, Sequoia India, and GFC (Global Founders Capital).",Seed,"4,700,000"
6,12/03/2020,MultiLiving,Real Estate,Home Renting and Management,Mumbai,Lodha Ventures,Series A,"6,000,000"
7,12/03/2020,Ola Electric,Transport,Cab and Bike Taxi,Bengaluru,Pawan Munjal Family Trust,Series B,"1,000,000"
8,12/03/2020,Mera Kisan,Food Production,Organic Products,Pune,Ajinkya Rahane,Private Equity,NA
Sr. No.,Date (dd/mm/yyyy),Startup Name,Industry / Vertical,Sub-Vertical,City / Location,Investors' Name,Investment Type,Amount (In USD)
1,03/02/2020,1mg,E-commerce,Medicine,Gurugram,Bill & Melinda Gates Foundation,Venture Series,"10,000,000"
2,03/02/2020,RACEnergy,Transportation,Electric Vehicle,Hyderabad,GrowX Ventures,Seed,NA
3,31/01/2020,Adonmo,Advertising,Advertising,Hyderabad,BAce Capital,Pre-Series A,"3,000,000"
4,31/01/2020,DoubtNut,Education,Online Tutoring,Gurugram,Tencent Holdings,Series A,"15,000,000"
5,30/01/2020,MultiplyMyLeads,Real Estate,Real Estate,New Delhi,Frontline Strategy Funds and SucSEED Venture Partners.,Venture Series,NA
6,03/02/2020,Embibe,EduTech,AI based learning,Mumbai,Reliance Industries Limited (RIL),Venture Series,"12,625,020"
7,10/02/2020,FirstCry,E-commerce,Baby Products,Pune,Softbank Vision Fund,Series E,"296,000,000"
8,10/02/2020,Pepperfry,E-commerce,Furniture,Mumbai,Pidilite Industries,Series F,"37,000,000"
9,18/02/2020,MaxWholesale,E-commerce,B2B platform for groceries,New Delhi,IAN Fund and Al Falaj Investment Co,Series A,"3,000,000"
10,06/02/2020,Dot,Information Technology and Services,Information Technology and Services,Gurgaon,PayU and Fosun RZ Capital,Seed,"8,000,000"
11,05/02/2020,AlphaVector,Transport,Bicycles,Mumbai,Avaana Capital and Titan Capital,Venture Series,NA
12,05/02/2020,WizKlub,EduTech,Online Tutoring,Bangalore,Incubate Fund India and Insitor Impact Asia Fund,Seed,"1,000,000"
13,14/02/2020,Friyey,Co-working Spaces,Co-working Spaces,Pune,Tarun Bhalla,Seed,NA
14,14/02/2020,Simsim,E-commerce,E-commerce,New Delhi,Accel Partners,Series B,"8,000,000"
15,11/02/2020,Moengage,Intelligent Marketing Cloud,Intelligent Marketing Cloud,San Francisco/ Bangalore,Eight Roads Ventures,Series C,"25,000,000"
16,11/02/2020,Chaayos,Cafe,Tea,New Delhi,"Think Investment, Tiger Global, SAIF Partners, Integrated Capital and Neeraj Arora and Innoven Capital",Series B,"21,500,000"
17,19/02/2020,Unacademy,EduTech,Online Tutoring,Bangalore,"General Atlantic, Sequoia Capital India, and Facebook",Series D,"110,000,000"
Sr. No.,Date (dd/mm/yyyy),Startup Name,Industry / Vertical,Sub-Vertical,City / Location,Investors' Name,Investment Type,Amount (In USD)
1,09/01/2020,BYJU’S,E-Tech,E-learning,Bengaluru,Tiger Global Management,Private Equity Round,"200,000,000"
2,13/01/2020,Shuttl,Transportation,App based shuttle service,Gurgaon,Susquehanna Growth Equity,Series C,"8,048,394"
3,09/01/2020,Mamaearth,E-commerce,Retailer of baby and toddler products,Bengaluru,Sequoia Capital India,Series B,"18,358,860"
4,02/01/2020,https://www.wealthbucket.in/,FinTech,Online Investment,New Delhi,Vinod Khatumal,Pre-series A,"3,000,000"
5,02/01/2020,Fashor,Fashion and Apparel,Embroiled Clothes For Women,Mumbai,Sprout Venture Partners,Seed Round,"1,800,000"
6,13/01/2020,Pando,Logistics,"Open-market, freight management platform",Chennai,Chiratae Ventures,Series A,"9,000,000"
7,10/01/2020,Zomato,Hospitality,Online Food Delivery Platform,Gurgaon,Ant Financial,Private Equity Round,"150,000,000"
Sr. No.,Date (dd/mm/yyyy),Startup Name,Industry / Vertical,Sub-Vertical,City / Location,Investors' Name,Investment Type,Amount (In USD)
1,12/12/2019,Ecozen,Technology,Agritech,Pune,Sathguru Catalyzer Advisors,Series A,"6,000,000"
2,06/12/2019,CarDekho,E-Commerce,Automobile,Gurgaon,Ping An Global Voyager Fund,Series D,"70,000,000"
3,3/12/2019,Dhruva Space,Aerospace,Satellite Communication,Bengaluru,"Mumbai Angels, Ravikanth Reddy",Seed,"50,000,000"
4,13/12/2019,Rivigo,Technology,Logistics Services and Solutions,Gurgaon,"SAIF Partners, Spring Canter Investment Ltd.",Series F,"20,000,000"
5,17/12/2019,Healthians,B2B-focused foodtech startup,Food Solutions For Corporate,Bengaluru,"Paytm, NPTK, Sabre Partners and Neoplux",Series C,"12,000,000"
6,16/12/2019,Licious,E-Commerce,Online Meat And Seafood Ordering Startup,Bengaluru,Vertex Growth Fund,Series E,"30,000,000"
7,16/12/2019,InCred,Finance,Non-Banking Financial Company,Mumbai,,Debt Funding,"5,900,000"
8,14/12/2019,Trell,Video,Experience Discovery Platform,Bengaluru,Ruizheng Investment,Seed Round,"2,000,000"
9,11/12/2019,Rein Games,Gaming,Real money based gaming startup,Noida,Manipal Education and Medical Group (MEMG),Seed Round,"50,000,000"
10,20/12/2019,Lenskart.com,E-Commerce,Online Eyewear Shopping Portal,Faridabad,SoftBank Vision Fund,Series G,"231,000,000"
Sr. No.,Date (dd/mm/yyyy),Startup Name,Industry / Vertical,Sub-Vertical,City / Location,Investors' Name,Investment Type,Amount (In USD)
1,13/11/2019,Freshworks,Software,Business and customer engagement tools,San Francisco,"Sequoia, CapitalG, Accel",Series H,"15,000,0000"
2,14/11/2019,Misters,Health and wellness,Men's Health and Wellness brand,Gurgaon,"Sauce.vc, Rainforest Ventures",Series B,"486,000"
3,13/11/2019,Sunstone Eduversity Pvt. Ltd,Education,Elearning,Gurgaon,"Prime Venture Partners, LetsVenture, PS1 Venture and GlobalLogic co-founder Rajul Garg",Seed,"1,500,000"
4,17/11/2019,Burger Singh,Food and Beverage,Indian Burger Brand,Gurgaon,RB Investments,Venture,undisclosed
5,18/11/2019,Healthians,Health and Wellness,Healthcare services,Gurgaon,"DG Daiwa Ventures, DG Incubation",Series B,"12,000,000"
6,15/11/2019,Ninjacart,B2B Marketing,Agritech,Bengaluru,Trifecta Capital Advisors,Debt Funding,"26,000,000"
7,20/11/2019,Aye Finance,FinTech,Financial Services To MSMEs,Gurgaon,FinTech,Debt Funding,"17,411,265"
8,12/11/2019,SuperGaming,Video Games,Social gaming platform,Pune,Dream Incubator,Seed Funding,"1,300,000"
9,20/11/2019,Clumio,SaaS,Recovery software,"San Jose,","Altimeter Capital, Sutter Hill Ventures",Series C,"135,000,000"
10,11/11/2019,eBikeGo,Last Mile Transportation,Electric bike rental,Amritsar,Startup Buddy,Seed,"300,000"
11,19/11/2019,Digital Mall Asia,E-Commerce,Virtual e-commerce platform,Delhi,Amour Infrastructure,Seed Funding,"220,000,000"
12,18/11/2019,Medikabazaar,Healthcare,B2B platform for medical supplies,Mumbai,"Ackermans & van Haaren, HealthQuad, Rebright Partners, Toppan Printing",Series B,"15,800,000"
13,15/11/2019,Vogo Automotive,Last Mile Transportation,Scooter sharing app,Kormangala,"Matrix Partners, Stellaris Venture Partners, Kalaari Capital",Series B,"283,000,000"
14,19/11/2019,Furtados School of Music,Education,Music Education,Tulangan,IAN Fund and DSG Consumer Partners,,"200,000,000"
15,25/11/2019,Paytm,FinTech,Mobile Wallet,Noida,Vijay Shekhar Sharma,Funding Round,"1,000,000,000"
Sr. No.,Date (dd/mm/yyyy),Startup Name,Industry / Vertical,Sub-Vertical,City / Location,Investors' Name,Investment Type,Amount (In USD)
1,04/10/2019,Dunzo,Customer Service,Delivery Service,Bengaluru,Lightbox,Series D,"4,50,00,000"
2,02/10/2019,Udaan,B2B,Business development,Bengaluru,"Altimeter Capital, DST Global",Series D,"58,50,00,000"
3,21/10/2019,The Man Company,Consumer Goods,Beauty and Grooming,Gurgaon,Ayushmann Khurana,Corporate Round,unknown
Sr. No.,Date (dd/mm/yyyy),Startup Name,Industry / Vertical,Sub-Vertical,City / Location,Investors' Name,Investment Type,Amount (In USD),
1,05/09/2019,FPL Technologies,FinTech,Financial Services,Pune,"Matrix Partners India, Sequoia India",Maiden Round,"4,500,000",
2,04/09/2019,Cashflo,FinTech,Invoice discounting platform and SME lending marketplace,Mumbai,SAIF Partners,Series A,"3,300,000",
3,04/09/2019,Digital F5,"Advertising, Marketing",Digital marketing firm,Mumbai,TIW Private Equity,Private Equity Round,"6,000,000",
4,04/09/2019,3rdFlix,SaaS,Education Technology,Hyderabad,Exfinity Venture Partners,pre-series A,"5,000,000",
5,04/09/2019,75F,IoT,Building automation system,Burnsville,Breakthrough Energy Ventures,Series A,"18,000,000",
6,04/09/2019,Myelin Foundry,Information Technology,Deep-technology,Bengaluru,Endiya Partners,Seed,"10,00,000",
7,04/09/2019,Atomberg Technology,Consumer Technology,"Consumer Electronics, Home Appliances",Mumbai,A91 Partners,Series A,"10,000,000",
8,04/09/2019,GOQii,Health and Wellness,Wearable Fitness Bands,Menlo Park,Bennett Coleman and Company Ltd (BCCL),Series C,"450,000,000",
9,03/09/2019,Vyapar App,Accounting,Mobile-based Accounting Software,Bengaluru,"India Quotient, Axilor Ventures",Series A,"5,000,000",
,,,,,,,,,
Sr. No.,Date (dd/mm/yyyy),Startup Name,Industry / Vertical,Sub-Vertical,City / Location,Investors' Name,Investment Type,Amount (In USD)
1,01/08/2019,CarDekho,E-Commerce,Automotive,Gurgaon,SC GG India Mobility Holdings LLC,Series C,"20,000,000"
2,01/08/2019,Progcap,Finance,Supply Chain Management,New Delhi,Sequoia India,Series A,"5,000,000"
3,01/08/2019,MyPetrolPump,Retail,Fuel Delivery,Bengaluru,,Seed Funding Round,"1,600,000"
4,01/08/2019,Alteria Capital,Finance,VC Funds,Mumbai,"Azim Premji, Binny Bansal",Single Venture,"140,000,000"
5,01/08/2019,Pine Labs,Information Technology,Last-mile retail transaction technology,Noida,Pine Labs Pte Ltd,Corporate Round,"38,080,000"
6,12/08/2019,Meesho,E-Commerce,Social Commerce,Bengaluru,Naspers,Series D,"125,000,000"
7,13/08/2019,Cars24,E-Commerce,Car Retail,Gurugram,MS Dhoni,Series D,"11,000,000"
8,13/08/2019,Uniphore,Customer Service Platform,Conversational AI,Palo Alto,March Capital Partners,Series C,"51,000,000"
9,23/08/2019,Zendrive,Automotive,Road Safety Analytics,San Francisco,XL Innovate,Series B,"37,000,000"
10,23/08/2019,Lo! Foods,Consumer Goods,Low carb food for Diabetics,Bengaluru,"Rashmi Daga (founder, FreshMenu), Raveen Sastry (co-founder, Myntra) and Mitesh Shah (finance chief, BookMyShow)",Seed Round,"500,000"
11,23/08/2019,Tala,FinTech,Digital Lending Platform,Santa Monica,RPS Ventures,Series D,"110,000,000"
12,22/08/2019,INDwealth,FinTech,Wealth Management,Gurgaon,Tiger Global Management,Venture Round,"15,000,000"
13,21/08/2019,HungerBox,Food and Beverage,B2B Foodtech,Bengaluru,One97 Communications Ltd.,Series C,"6,590,000"
14,23/08/2019,AdmitKard,EdTech,University Admissions,Noida,Growth DNA,Seed Round,"10,00,000"
15,19/08/2019,Mishry Reviews,Services,Product Review,Gurgaon,Vir Sanghvi,Series A,Undisclosed
16,19/08/2019,Grofers,E-Commerce,Grocery Delivery,Gurgaon,Softbank Vision Fund,Series F,"70,000,000"
17,27/08/2019,Rapido Bike Taxi,Transportation,Bike Taxi,Bengaluru,Westbridge Capital,Series B,"3,900,000,000"
Sr. No.,Date (dd/mm/yyyy),Startup Name,Industry / Vertical,Sub-Vertical,City / Location,Investors' Name,Investment Type,Amount (In USD)
1,02/07/2019,RenewBuy,Finance,Auto Insurance,Gurgaon,"Lok Capital, IIFL Wealth",Series B,"19,000,000"
2,02/07/2019,Atlan,Information Technology,Big Data,Singapore,WaterBridge Ventures,Pre-Series A,"2,500,000"
3,01/07/2019,WizCounsel,Compliance,Consulting,New Delhi,Kapil Dev,Angel,"145,000"
4,03/07/2019,Ola Cabs,Transport,Cabs,Kormangala,"DIG Investment Ab, Deshe Holdings, Samih Toukan and Hussam Khoury",Series J,"1,000,000"
5,01/07/2019,Uniphore,Artificial Intelligence,Speech Recognition,Taramani,March Capital Partners,Series C,"38,080,000"
6,04/07/2019,Daalchini Technologies,Food and Beverage,Digital Vending Machine,New Delhi,Artha Venture,Seed Round,"500,000"
7,10/07/2019,BYJU'S,EdTech,Education,Bengaluru,Qatar Investment Authority,Private Equity Round,"150,000,000"
8,11/07/2019,Moglix,E-Commerce,Industrial Tools and Equipments,Singapore,"Composite Capital Management, Sequoia Capital India, Tiger Global Management",Series D,"60,000,000"
9,10/07/2019,Ezyhaul,Tech,Logistics,Singapore,Undisclosed,Series B,"16,000,000"
10,10/07/2019,Indus OS,Tech,Smartphone Operating System,Andheri,Ventureast,Series B,"5,750,000"
11,10/07/2019,HealthAssure,Health Care,Primary care medical network,Mumbai,Blume Ventures,Series A,"2,500,000"
12,09/07/2019,House of Msasaba,Luxury Label,Clothes and Apparel,Mumbai,Binny Bansal,Series A,"1,000,000"
13,08/07/2019,Board Infinity,EdTech,Full-stack career platform,Chembur,Multiple Angel Investors,Angel Round,"319,605"
Sr. No.,Date (dd/mm/yyyy),Startup Name,Industry / Vertical,Sub-Vertical,City / Location,Investors' Name,Investment Type,Amount (In USD)
1,05/06/2019,NoBroker,E-Commerce,Real Estate,Bengaluru,General Atlantic,Series C,"5,10,00,000"
2,04/06/2019,Bira91,Food and Beverage,Brewery,New Delhi,Anicut Capital,Debt Funding,"1,00,00,000"
3,03/06/2019,FabHotels,E-Commerce,Hospitality,Gurgaon,"Goldman Sachs, Accel Partners and Qualcomm",,"48,89,975.54"
4,03/06/2019,Avail Finance,Finance,FinTech,Bengaluru,Matrix Partners,Series A,"90,00,000"
5,04/06/2019,BharatPe,Finance,FinTech,New Delhi,Insight Partners,Series B,"7,50,00,000"
6,04/06/2019,Recykal,Waste Management Service,Optimization,Hyderabad,"Triton Investment Advisors, Pidilite Industries director Ajay Parekh",pre-Series A,"26,000,000"
7,03/06/2019,Agara Labs,Deep-Tech,Artificial Intelligence,Bengaluru,Blume Ventures and RTP Global,pre-Series A,"25,00,000"
8,06/06/2019,Sistema.bio,Agriculture,Hybrid Reactor Biodigestor,Nairobi,"Shell Foundation, DILA CAPITAL, Engie RDE Fund, EcoEnterprise Fund, EDFIMC (ElectriFI), Endeavor Catalyst Fund, CoCapital, Triodos, Alpha Mundi, and Lendahand",,"27,39,034.68"
9,06/06/2019,Chakr Innovation,Energy,Renewable Energy,New Delhi,IAN Fund,Series A,"26,000,000"
10,06/06/2019,Pratilipi,Digital Media,E-Books,Bengaluru,Qiming Venture Partners,Series B,"1,51,09,500.00"
11,10/06/2019,Bolo App,Digital Media,Video Platform,Bengaluru,Nexus Venture Partners,Seed Funding,"4,30,200"
12,10/06/2019,OkCredit,FinTech,Financial Services,Haryana,Tiger Global Management,Series A,"1,55,00,000"
13,06/06/2019,Biz2Credit,FinTech,Online Lending Platform,New York,WestBridge Capital,Series B,"5,20,00,000"
14,08/06/2019,Vogo Automotive Pvt. Ltd.,Transportation,Dockless Scooter Rental Company,Karnataka,Alteria Capital,Debt Funding,"35,84,000"
15,04/06/2019,Leegality,Services,Digital Documentation,Mumbai/Bengaluru,Mumbai Angels,Series A,"3,400,000"
Sr. No.,Date (dd/mm/yyyy),Startup Name,Industry / Vertical,Sub-Vertical,City / Location,Investors' Name,Investment Type,Amount (In USD)
1,06/05/2019,Ola Electric,Transport,Cabs,Bengaluru,Tata Sons,Series A,undisclosed
2,06/05/2019,Saahas Zero Waste,Waste Management Service,Optimization,Bengaluru,C4D Partners,Venture - Series Unknown,"868,600"
3,05/05/2019,StyleDotMe,E-commerce,Fashion and Shopping,Delhi,"Indian Angel Network and other angel investors, Innov8 founder Ritesh Malik, Josh Talks founders Supriya Paul and Shobha Banga, and former Hero Corporate president Rohit Chanana",Bridge Round,undisclosed
4,01/05/2019,BlackBuck,Transport,Logistics,Bengaluru,"Goldman Sachs Investment Partners and Silicon Valley-based Accel, Wellington, Sequoia Capital, B Capital, LightStreet, Sands Capital and International Finance Corporation,",Series D,"150,000,000"
5,02/05/2019,Zenoti,Saas,Beauty and Wellness Industry,Hyderabad,Tiger Global Management,Series C,"50,000,000"
6,28/05/2019,Ather Energy,Automobile,Electric Vehicle,Bengaluru,Sachin Bansal,Series C,"5,10,00,000"
7,28/05/2019,FreshVnF,Agtech,Fresh Agriculture Produces,Mumbai,Equanimity Ventures,Seed Round,"14,00,00,000"
8,30/05/2019,GlowRoad,E-commerce,Retail,Bengaluru,"Korea Investment Partners, Vertex Ventures",Series B,"1,15,00,000"
9,31/05/2019,Bira91,Food and Beverage,Brewery,New Delhi,Sixth Sense Ventures,Series B,"56,00,000"
Sr. No.,Date (dd/mm/yyyy),Startup Name,Industry / Vertical,Sub-Vertical,City / Location,Investors' Name,Investment Type,Amount (In USD)
1,16/04/2019,Kuvera,Finance,Wealth Management,Bengaluru,Eight Roads,Series A,"45,000,000"
2,12/04/2019,Medlife,E-commerce,Online Medicine,Bengaluru,Prasid Uno Family Trust,Private Equity,"17,000,000"
3,10/04/2019,Kabadiwala,E-commerce,Waste Management,Bhopal,"Unilever, Beehive Capital Advisor, ABCOM Investments, Parekh Marine Transport,",Private Equity,"430,665"
4,13/04/2019,Tripoto,Social Media,Travel,New Delhi,"Orchid India, Hornbill Orchid India Fund, Chiratae Ventures (formerly IDG Ventures), 3one4 Capital, Lasmer NV",Series B,"3,591,375"
5,12/04/2019,Azah,Health and Wellness,Organic wellness,Gurugram,Unnamed angel investors,Seed Funding,"200,000"
6,11/04/2019,Setu,Fintech,Banking,Bengaluru,Lightspeed India Partners,Seed Funding,"3,500,000"
7,10/04/2019,Toppr,Edtech,E-learning,Mumbai,Milestone,Debt and Preference capital,"6,320,820"
8,10/04/2019,Craftsvilla,E-commerce,Fashion and Apparel,Mumbai,Supera Pte Ltd,Inhouse Funding,"2,443,495"
9,10/04/2019,Unacademy,Edtech,E-learning,Bengaluru,Kalyan Krishnamurthy,Seed/ Angel Funding,"307,000"
10,11/04/2019,CleverTap,SaaS,Mobile analytics and marketing,Mumbai,"Sequoia India, Tiger Global Management, Accel Partners",Series B,"26,000,000"
11,19/04/2019,My Healthcare,E-commerce,Software Solutions,Bengaluru and Gurugram,Sixth Sense Ventures,Series A,"3,000,000"
12,19/04/2019,KrazyBee,E-commerce,Lending Platform,Bengaluru,"BAC Acquisitions, Unifi AIF, BRD Securities, Northern R Capital",Debt,"14,342,000+"
13,17/04/2019,Shuttl,Transportation,Bus Aggregation,Gurugram,New Atlantic Ventures,Venture Round,"5,000,000"
14,17/04/2019,Increff,Technology,Supply-chain technology solutions,Bengaluru,"021 Capita, Binny Bansal",Series A,"3,000,000"
Sr. No.,Date (dd/mm/yyyy),Startup Name,Industry / Vertical,Sub-Vertical,City / Location,Investors' Name,Investment Type,Amount (In USD)
1,1/02/2019,FleetX,AI,Logistics,Gurgaon,India Quotient and LetsVenture’s Angel Fund,Pre Series A,Undisclosed
2,8/02/2019,Zilingo,Ecommerce,Fashion & Apparel,India/Singapore,"Sequoia Capital and Temasek Holdings, EDBI, Burda Principal Investments, and Sofina",Series D,"226,000,000"
3,13/02/2019,NanoClean Global,Nanotechnology,Anti-Pollution,New Delhi,"LetsVenture, PitchRight Venture, 91SpringBoard, AL Nour International Holdings and Mark V Investments",Series A,"600,000"
4,14/02/2018,OyoRooms,Hospitality,Budget Rooms,Gurgaon,DiDi Chuxing,Equity,"100,000,000"
Sr. No.,Date (dd/mm/yyyy),Startup Name,Industry / Vertical,Sub-Vertical,City / Location,Investors' Name,Investment Type,Amount (In USD)
1,03/01/2019,CarDekho,Automobile,Online Marketplace,Jaipur,"Sequoia India, Hillhouse Capital, Alphabet’s growth investment arm Capital G and Axis Bank",Series C,"110,000,000"
2,04/01/2019,Vyome Therapeutics Inc.,Health and Wellness,Specialty pharmaceutical,India/US,"Iron Pillar, Perceptive Advisors, Romulus Capital and Kalaari Capital",Series D,"22,000,000"
3,04/01/2019,Samunnati Financial Intermediation & Services Pvt. Ltd,Finance,Non-banking financial company,Chennai,"MASSIF, a Dutch government fund",Debt-Funding,"5,000,000"
4,04/12/2018,Manch,Social Media,Hyperlocal Content,Delhi,Stellaris Venture Partners,Seed Funding,"700,000"
Sr. No.,Date (dd/mm/yyyy),Startup Name,Industry / Vertical,Sub-Vertical,City / Location,Investors' Name,Investment Type,Amount (In USD)
1,01/12/2018,UrbanClap Technologies Pvt. Ltd,Services Platform,Home services marketplace,New Delhi,Steadview Capital and Vy Capital.,Series D,"50,000,000"
2,02/12/2018,Guiddoo,Travel Tech,Platform for travel agents,Mumbai,Individual Investors,Pre-Series A,"800,000"
3,02/12/2018,Career Anna,Online Education,"Video-based certification, trainings",Gurugram,Individual Investors,Pre-Series A,"572,000"
4,04/12/2018,Nagpur Wholesale,Online Marketplace,eCommerce,Nagpur,Omphalos Ventures India LLP,Seed Funding,"143,000"
5,06/12/2018,ShopKirana,B2B,eCommerce,Indore,"Info Edge, AET Fund, Akatsuki and Incubate Fund from Japan and Better Capital AngelList syndicate.",Seed Funding,"2,000,000"
6,06/12/2018,BuildSupply,"SaaS, Ecommerce","Real Estate, ERP",Gurugram,"Venture Highway, GREE Ventures, Space Matrix, Individual Investors",Series A,"3,500,000"
Sr. No.,Date (dd/mm/yyyy),Startup Name,Industry / Vertical,Sub-Vertical,City / Location,Investors' Name,Investment Type,Amount (In USD)
1,01/11/2018,GoDesi,Food and Beverage,Regional Flavours,Bengaluru,Lead Angels Network,Seed/ Angel Funding,"1,38,995"
2,03/11/2018,Veritas Finance Ltd.,NBFC,MSME Finance,Chennai,"Norwest Venture Partners, CDC Group, the UK’s Development Finance Institution and P Surendra Pai",Series D,"27,799,000"
3,06/11/2018,Meesho,Ecommerce,Social Commerce,Bengaluru,"Shunwei Capital, DST Partners and RPS Ventures",Series C,"50,000,000"
4,08/11/2018,Mobile Premier League,Gaming,Mobile e-Sports,Bengaluru,Undisclosed,Series A,"5,00,000"
5,8/11/2018,A&R Bon Vivants,Food,Meat Retail Chain,Jaipur,"RB Investments, Singapore",Equity,"1,000,000"
6,12/11/2018,Blackbuck,Food Tech,POS For Online Ordering,"New York, Bengaluru",Tiger Global,Series A,"1,000,000"
7,12/11/2018,MilkBAsket,Food,Micro-delivery grocery service,New Delhi,Mayfield Fund,Series B,"1,300,000"
8,13/11/2018,DriveU,Transport,On-Demand Drivers,Bengaluru,Stevens Creek Ventures,Mezzanine,"1,000,000"
9,14/11/2018,CleanseCar,Services,Car Wash,Bengaluru,Venture Catalysts,Seed/ Angel Funding,"500,000"
10,19/11/2018,Automation Anywhere,Automation,Robotics,California,SoftBank Vision Fund,Series B,"300,000,000"
11,20/11/2018,HealthifyMe,Health and Wellness,Wellness Coach,Bengaluru,"Sistema Asia Fund, VC Samsung NEXT, Chiratae Ventures, Inventus Capital, Blume Ventures and Innoven Capital.",Series B (Extension),"6,000,000"
12,21/11/2018,Genius Corner,Education,Personalized Learning,Noida,Individual investors,Seed Funding,"278,000"
13,22/11/2018,Aavishkaar-Intellecap Group,Investment,SME Funding,Mumbai,Teachers Insurance and Annuity Association (TIAA),Equity Based Funding,"31,000,000"
14,22/11/2018,Skillbox,Social Network,Art,Gurugram,Individual investors,Seed Funding,Undisclosed
15,23/11/2018,Signzy,Financial Tech,Digital Onboarding Solution,Mumbai/Bengaluru,"Stellaris Venture Partners and Kalaari Capital, Rajan Anandan from Google, Dilip Khandwelwal from SAP Labs India, and Amrish Rau from PayU India",Series A,"3,400,000"
16,24/11/2018,Engineer.ai,Software,AI Platform,India/US,"Lakestar and Jungle Ventures, Softbank’s DeepCore.",Series A,"29,500,000"
17,25/11/2018,InCred Finance,Finance,SME Lending,India,"Paragon Partners, Individual Investors",Private Equity,"42,000,000"
18,25/11/2018,Roposo,Social Media,Video Sharing,Delhi,Bertelsmann India Investments,Series B,"1,700,000"
Sr. No.,Date (dd/mm/yyyy),Startup Name,Industry / Vertical,Sub-Vertical,City / Location,Investors' Name,Investment Type,Amount (In USD)
1,01/10/2018,Northmist,Fashion,Mens Wear,Delhi,Prashant Jaiswal,Seed/ Angel Funding,N/A
2,02/10/2018,Origo Commodities India Pvt. Ltd,Logistics,Supply Chain,Hyderabad,"Cooperative Oikocredit, Caspian and Hivos-Triodos Fund",Seed/ Angel Funding,"11,000,000"
3,04/10/2018,Grover Zampa,Food,Wine,Mumbai,Ravi Viswanathan,Private Equity,"8,200,000"
4,05/10/2018,Droom,Automobile,New and Used Cars Platform,Gurgaon,ZigExN,Series E,"30,00,000"
5,11/10/2018,Innov8,Real Estate,Co-Working,New Delhi,Credence Family Office,Pre-Series A,"4,000,000"
6,12/10/2018,Blackbuck,Logistics Tech,Largest Trucking Platform,Bengaluru,Sequoia Capital India,Private Funding,"14,680,000"
7,12/10/2018,LetsTransport,Logistics Tech,Book Trucks Online,Bengaluru,Fosun International,Series C,"12,000,000"
Sr. No.,Date (dd/mm/yyyy),Startup Name,Industry / Vertical,Sub-Vertical,City / Location,Investors' Name,Investment Type,Amount (In USD)
1,01/09/2018,Netmeds,Consumer Internet,Online Pharmacy Chain,Chennai,"Sistema Asia Fund, Sistema JSFC and Tanncam Investment",Private Equity,"35,000,000"
2,03/09/2018,Udaan,B2B Platform,Logistics and Shipping,Bengaluru,DST Global and Lightspeed Venture Partners’ global fund.,Private Equity,"225,000,000"
3,03/09/2018,Daily hunt,Consumer Internet,News and ebooks Mobile App,Bengaluru,Falcon Edge,Private Equity,"63,90,000"
4,04/09/2018,3HCare,Healthcare,Healthcare Service Provider,Delhi,N/A,Seed / Angel Funding,"1,000,000"
5,04/09/2018,HappyGoEasy,Consumer Internet,Online Travel Agecy,Gurugram,"Korea Investment Partners (KIP), Samsung and China-based CITIC Capital and others",Private Equity,N/A
6,05/09/2018,Nykaa,Consumer Internet,Online Marketplace For Multi-brand Beauty Cosmetic and Wellness Products,Mumbai,Lighthouse,Private Equity,"15,72,00,000"
7,05/09/2018,Mad Street Den,Technology,Computer Vision And Artificial Intelligence (Ai) Platform,Chennai,KDDI,Private Equity,N/A
8,06/09/2018,Dream11,Consumer Internet,Online Gaming Platform,Mumbai,"Tencent, Kalaari Capital and Private equity firm Multiples Alternate Asset Management",Private Equity,"100,000,000"
9,10/09/2018,MamaEarth,Healthcare,Online Marketplace For Mother and Babycare Products,Gurugram,Stellaris Ventures & Others,Private Equity,"4,000,000"
10,11/09/2018,AutoGrid,Technology,AI-Based Energy Optimisation and Control Provider,Bengaluru,"CLP Holdings Group, Innogy, Ørstead, and Tenaska",Private Equity,"32,000,000"
11,11/09/2018,Pharmeasy,Consumer Internet,Online Marketplace For Pharmaceutical Products,Mumbai,InnoVen Capital,Debt Funding,"55,00,000"
12,11/09/2018,Upwards,Fin-Tech,Online Micro Lending Marketplace,Mumbai,"Shunwei Capital,Quotient, Mayfield & Others",Private Equity,"5,000,000"
13,12/09/2018,Kissht,Fin-Tech,Online lending Platform,Mumbai,"Vertex Ventures Southeast Asia (SEA) and India and Sistema Asia Fund, Fosun RZ Capital, Ventureast, and Endiya Partners.",Private Equity,"30,000,000"
,,,,,,,,
Sr. No.,Date (dd/mm/yyyy),Startup Name,Industry / Vertical,Sub-Vertical,City / Location,Investors' Name,Investment Type,Amount (In USD)
1,01/08/2018,dishq,Food-Tech,Personalisation Technology Firm Focusing On The Food And Beverage Industry,Bengaluru,"Farm To Fork, Arts Alliance, The Syndicate Fund, Sven Hensen, Zeroth and Artesian Venture Partners",Seed/ Angel Funding,"400,000"
2,01/08/2018,HealthFin,Finance,Patient Financing Platform,Pune,"Axilor, Sprout Venture Partners and others",Seed/ Angel Funding,N/A
3,02/08/2018,Samosa Labs,Consumer Internet,Social Media and Chat Entertainment Platform,Hyderabad,Xiaomi and Sequoia Capital India,Private Equity,"7,000,000"
4,03/08/2018,ZiffyHomes,Consumer Internet,Online Home Rental Marketplace,Gurugram,Y Combinator,Private Equity,"120,000"
5,07/08/2018,My OmNamo,Consumer Internet,Holy Platform Offering Customised Puja Packages To Individuals and Corporates,Mumbai,N/A,Seed/ Angel Funding,"1,000,000"
6,07/08/2018,ShopX,Consumer Internet,Assisted E-commerce Platform,Bengaluru,Fung Strategic Holdings,Private Equity,"35,000,000"
7,07/08/2018,MakeMyTrip,Consumer Internet,Online Travel Aggregator,Gurugram,MakeMyTrip Limited,Private Equity,"10,000,000"
8,08/08/2018,Hansel io,Consumer Internet,Real-time Mobile App Management,Bengaluru,Vertex Ventures,Seed/ Angel Funding,"40,00,000"
9,08/08/2018,Metro Bikes,Consumer Internet,Online Bike Rental Marketplace,Bengaluru,"Sequoia Capital India Advisors, Accel Partners and G Raghunandan",Private Equity,"12,200,000"
10,08/08/2018,Phone Pe,Consumer Internet,UPI Payments App,Bengaluru,Flipkart,Private Equity,"66,000,000"
11,09/08/2018,quizizz,Ed-Tech,e-learning Platform,Bengaluru,"Nexus Venture Partners, Prime Venture Partners and Others",Seed/ Angel Funding,"3,000,000"
12,09/08/2018,Happy EMI,Fin-Tech,Consumer Financing Platform,Bengaluru,AJ Ventures and Jain International Trade Organisation (JITO),Seed/ Angel Funding,"1,000,000"
13,13/08/2018,Inthree,Consumer Internet,Rural E-commerce Platform,Chennai,"Ventureast, Orios Venture Partners and the IAN Fund",Seed/ Angel Funding,"4,000,000"
14,13/08/2018,Observe AI,Technology,AI Based Solutions Platform,Bengaluru,"Nexus Venture Partners, MGV, Liquid 2 Ventures, Hack VC, Emergent Ventures and Y Combinator",Private Equity,"8,000,000"
15,16/08/2018,Enakshi,Consumer Internet,AI Based Solutions Platform,Ahemadabad,N/A,Seed/ Angel Funding,"1,14,811"
16,17/08/2018,EazyDiner,Consumer Internet,Online Restaurant Table Reservation Platform,Gurugram,Denlow Investment Trust and Beenext,Private Equity,"58,50,000"
17,20/08/2018,Finzy,Finance,Online Loan Matchmaking Platform,Bengaluru,N/A,Seed / Angel Funding,"10,00,000"
18,20/08/2018,RawPressery,Consumer Internet,Online Organic Juice Delivery Service,Mumbai,Alteria Capital,Debt Funding,"48,00,000"
19,22/08/2018,Pi Ventures,Technology,Applied Artificial Intelligence and IoT focused Platform,Bengaluru,CDC Group plc,Private Equity,"60,00,000"
20,22/08/2018,Revv,Consumer Internet,Online Indian Car Rental Platform,Gurugram,"Hyundai, Edelweiss and Beenext, Dream Incubator, Sunjay Kapoor and Telama Investment",Private Equity,"1,42,70,000"
21,26/08/2018,ZestMoney,Consumer Internet,Online Lending Platform,Bengaluru,"Xiaomi,PayU, Ribbit Capital and Omidyar Network",Private Equity,"1,34,00000"
22,26/08/2018,Shubh Loans,Fin-Tech,Customer Sourcing Platform,Bengaluru,"Saama Capital, SRI Capital, Beenext, and Pravega Ventures",Private Equity,"42,00000"
23,27/08/2018,MyUpchar,Healthcare,Local Language Health Content App,Delhi,"Nexus Venture Partners, Omidyar Network and Shunwei Capital",Private Equity,"50,00000"
24,28/08/2018,Narvar,IT,Post-Purchase Customer Engagement Platform,Bengaluru,Accel (formerly known as Accel Partners),Private Equity,"30,00000"
25,30/08/2018,True North,Finance,Private Equity Firm,Mumbai,N/A,Private Equity,"60,00,00,000"
Sr. No.,Date (dd/mm/yyyy),Startup Name,Industry / Vertical,Sub-Vertical,City / Location,Investors' Name,Investment Type,Amount (In USD)
1,01/07/2018,Leena AI,Technology,HR Virtual Agent For Employees,Gurugram,Y Combinator,Seed/ Angel Funding,N/A
2,02/07/2018,Biryani By Kilo,Consumer Internet,Online Food Delivery,Gurugram,Ajay Relan and Vinay Mittal,Seed/ Angel Funding,"1,000,000"
3,04/07/2018,Anchanto,IT,E-commerce Fulfilment Platform,Pune,MDI Ventures & Telkom Indonesia,Private Equity,"4,000,000"
4,05/072018,Loan Tap,Consumer Internet,Online Lending Platform For Salaried Professionals,Mumbai,"Shunwei Capital, Tuscan Ventures, Ashish Goenka, VC firms India Quotient and Kae Capital",Private Equity,"62,50,000"
5,06/07/2018,PolicyBazaar,Consumer Internet,Online Insurance Selling Platform,Gurugram,Info Edge (India) Ltd and Temasek,Private Equity,"2,7700,000"
6,09/07/2018,zippserv,Consumer Internet,Online Platform For Risk-Assessment Services For Real Estate Investments,Bengaluru,Info Edge (India) Ltd,Seed/ Angel Funding,"440,000"
7,09/07/2018,Groww,Consumer Internet,Online Platform That Sells Direct Plans Of Mutual Funds,Bengaluru,"Insignia Ventures Partners, Lightbridge Partners & Kairos",Seed/ Angel Funding,"1,100,000"
8,10/07/2018,Avenue Growth,Consumer Internet,Online Platform That Connects Brands With Freelance Sales Professionals,Gurugram,"Avtar Monga, chief operating office at IDFC Bank, Aditya Malik & Others",Seed/ Angel Funding,"437,000"
9,10/07/2018,iNICU,Healthcare,Med-tech Platform Providing Care For Newborns,Delhi,Venture Catalysts,Seed/ Angel Funding,N/A
10,10/07/2018,Kinara Capital,Finance,Lending Platform For Micro and Small Enterprises,Bengaluru,ResponsAbility,Private Equity,"5,000,000"
11,10/07/2018,Shop 101,Consumer Internet,Mobile Storefront And Commerce Platform For Sellers,Mumbai,"Stellaris Venture Partners, Vy Capital, Raghunandan G, and Ramakant Sharma",Private Equity,"5,000,000"
12,11/07/2018,Sambandh,Consumer Internet,Online Micro Lending Platform,Rourkela,Base of Pyramid Asia (BOPA) Pte Ltd,Private Equity,"2,500,000"
13,12/07/2018,19th mile,IT,Artificial intelligence-based sales acceleration software platform,Gurugram,"Rishi Vasudev, Excelsior Investments, Ritesh Vohra, Praveer Kumar, Prashant Gupta and Others",Seed/ Angel Funding,"180,000"
14,12/07/2018,5th Vital,Healthcare,Home diagnostics services provider,Bengaluru,Brand Capital and Others,Seed/ Angel Funding,"500,000"
15,13/07/2018,MEngage,Healthcare,A Doctor-Patient Engagement Platform,Jaipur,"Siddharth Agarwal, Mahavir Sharma, Amit Singal, 100 Co-founders Lab and others.",Seed/ Angel Funding,"175,000"
16,17/07/2018,Ofbusiness,Finance,Online Lending Platform For SME,Gurugram,"Creation Investments, Falcon Edge, Matrix Partners India and Zodius Capital",Private Equity,"29,000,000"
17,17/07/2018,Cars24,Consumer Internet,Online Used Car Marketplace,Gurugram,"Kingsway FCI Fund, KCK Global & Others",Private Equity,"4,97,00,000"
18,18/07/2018,The Ken,Consumer Internet,Subscription-Only News Website,Bengaluru,Omidyar Network & Others,Seed/ Angel Funding,"15,00,000"
19,19/07/2018,Book My Show,Consumer Internet,Online Ticketing Platform,Mumbai,"TPG Growth, The Rise Fund & Others",Private Equity,"10,00,00,000"
20,20/07/2018,HousingMan,Consumer Internet,Property Discovery Platform,Bengaluru,N/A,Seed/ Angel Funding,"1,500,000"
21,21/07/2018,PaySense,Consumer Internet,Online Consumer Lending Platform,Mumbai,PayU & Others,Private Equity,"18,000,000"
22,23/07/2018,Yulu Bikes,Technology,Bicycle-Sharing Platform,Bengaluru,N/A,Seed/ Angel Funding,N/A
23,23/07/2018,VTION,Technology,Media Analytics,Gurugram,"AngelList, Rahul Khanna, Rajeev Arora and Ram Ramsundar.",Seed/ Angel Funding,"2,80,000"
24,23/07/2018,Log9 Materials,Technology,Nanotechnology Company Specializing In Graphene,Bengaluru,"Metaform Ventures, Hemant Luthra, Micro venture capital firm GEMS Partners and Others",Seed/ Angel Funding,"4,36,000"
25,24/07/2018,kidovators,Ed-Tech,Skill Learning Platform,Bengaluru,Gray Matters,Seed/ Angel Funding,"180,000"
26,24/07/2018,Digit,Consumer Internet,Online Insurance Startup,Pune,Fairfax,Private Equity,"4,50,00,000"
27,25/07/2018,Black Soil,Finance,Non-Banking Financial Company,Mumbai,"Allcargo Logistics, Navneet Education and Mahavir Agency",Private Equity,"1,70,00,000"
28,25/07/2018,Trell,Consumer Internet,Mobile-First Video Blogging App,Bengaluru,"BeeNext , WEH Ventures and Sprout Ventures",Seed/ Angel Funding,"12,50,000"
29,25/07/2018,iqlect,Technology,Data Analytics Firm,Bengaluru,Ventureast and Exfinity,Seed/ Angel Funding,"25,00,000"
30,26/07/2018,Entropik,IT,Software-As-A-Service Platform,Bengaluru,"Bharat Innovation, IDFC-Parampara Capital, Arthavida Ventures, Jitendra Gupta & Others",Seed/ Angel Funding,"11,00,000"
31,26/07/2018,Bitla Software,Technology,Travel-Focused Tech Startup,Bengaluru,MakeMyTrip,Private Equity,N/A
32,26/07/2018,TheCapitalNet,Fin-Tech,Unified Global Investments Ecosystem,Hyderabad,Lindwall Family Investments LLC (LFI),Private Equity,"500,000"
33,30/07/2018,Shuttl,Consumer Internet,Bus Aggregation Platform,Gurugram,Amazon Alexa Fund & Dentsu Ventures,Private Equity,"1,10,00,000"
34,30/07/2018,Cure Fit,Consumer Internet,Health and fitness Platform,Bengaluru,"IDG Ventures, Accel Partners, Kalaari Capital and Others",Private Equity,"120,000,000"
35,31/07/2018,Five Star Group,Fin-Tech,Non-Bank Lending Platform For SME,Chennai,"TPG, Norwest Venture Partners, Sequoia Capital & Matrix Partners",Private Equity,"100,000,000"
36,31/07/2018,Healthsignz,Healthcare,Health and Well being Platform,Hyderabad,Kantilal Patel,Seed/ Angel Funding,"5,000,000"
Sr. No.,Date (dd/mm/yyyy),Startup Name,Industry / Vertical,Sub-Vertical,City / Location,Investors' Name,Investment Type,Amount (In USD)
1,01/10/2018,Northmist,Fashion,Mens Wear,Delhi,Prashant Jaiswal,Seed/ Angel Funding,N/A
2,02/10/2018,Origo Commodities India Pvt. Ltd,Logistics,Supply Chain,Hyderabad,"Cooperative Oikocredit, Caspian and Hivos-Triodos Fund",Seed/ Angel Funding,"11,000,000"
3,04/10/2018,Grover Zampa,Food,Wine,Mumbai,Ravi Viswanathan,Private Equity,"8,200,000"
4,05/10/2018,Droom,Automobile,New and Used Cars Platform,Gurgaon,ZigExN,Series E,"30,00,000"
5,11/10/2018,Innov8,Real Estate,Co-Working,New Delhi,Credence Family Office,Pre-Series A,"4,000,000"
6,12/10/2018,Blackbuck,Logistics Tech,Largest Trucking Platform,Bengaluru,Sequoia Capital India,Private Funding,"14,680,000"
7,12/10/2018,LetsTransport,Logistics Tech,Book Trucks Online,Bengaluru,Fosun International,Series C,"12,000,000"
Sr. No.,Date (dd/mm/yyyy),Startup Name,Industry / Vertical,Sub-Vertical,City / Location,Investors' Name,Investment Type,Amount (In USD)
1,01/09/2018,Netmeds,Consumer Internet,Online Pharmacy Chain,Chennai,"Sistema Asia Fund, Sistema JSFC and Tanncam Investment",Private Equity,"35,000,000"
2,03/09/2018,Udaan,B2B Platform,Logistics and Shipping,Bengaluru,DST Global and Lightspeed Venture Partners’ global fund.,Private Equity,"225,000,000"
3,03/09/2018,Daily hunt,Consumer Internet,News and ebooks Mobile App,Bengaluru,Falcon Edge,Private Equity,"63,90,000"
4,04/09/2018,3HCare,Healthcare,Healthcare Service Provider,Delhi,N/A,Seed / Angel Funding,"1,000,000"
5,04/09/2018,HappyGoEasy,Consumer Internet,Online Travel Agecy,Gurugram,"Korea Investment Partners (KIP), Samsung and China-based CITIC Capital and others",Private Equity,N/A
6,05/09/2018,Nykaa,Consumer Internet,Online Marketplace For Multi-brand Beauty Cosmetic and Wellness Products,Mumbai,Lighthouse,Private Equity,"15,72,00,000"
7,05/09/2018,Mad Street Den,Technology,Computer Vision And Artificial Intelligence (Ai) Platform,Chennai,KDDI,Private Equity,N/A
8,06/09/2018,Dream11,Consumer Internet,Online Gaming Platform,Mumbai,"Tencent, Kalaari Capital and Private equity firm Multiples Alternate Asset Management",Private Equity,"100,000,000"
9,10/09/2018,MamaEarth,Healthcare,Online Marketplace For Mother and Babycare Products,Gurugram,Stellaris Ventures & Others,Private Equity,"4,000,000"
10,11/09/2018,AutoGrid,Technology,AI-Based Energy Optimisation and Control Provider,Bengaluru,"CLP Holdings Group, Innogy, Ørstead, and Tenaska",Private Equity,"32,000,000"
11,11/09/2018,Pharmeasy,Consumer Internet,Online Marketplace For Pharmaceutical Products,Mumbai,InnoVen Capital,Debt Funding,"55,00,000"
12,11/09/2018,Upwards,Fin-Tech,Online Micro Lending Marketplace,Mumbai,"Shunwei Capital,Quotient, Mayfield & Others",Private Equity,"5,000,000"
13,12/09/2018,Kissht,Fin-Tech,Online lending Platform,Mumbai,"Vertex Ventures Southeast Asia (SEA) and India and Sistema Asia Fund, Fosun RZ Capital, Ventureast, and Endiya Partners.",Private Equity,"30,000,000"
,,,,,,,,
Sr. No.,Date (dd/mm/yyyy),Startup Name,Industry / Vertical,Sub-Vertical,City / Location,Investors' Name,Investment Type,Amount (In USD)
1,01/08/2018,dishq,Food-Tech,Personalisation Technology Firm Focusing On The Food And Beverage Industry,Bengaluru,"Farm To Fork, Arts Alliance, The Syndicate Fund, Sven Hensen, Zeroth and Artesian Venture Partners",Seed/ Angel Funding,"400,000"
2,01/08/2018,HealthFin,Finance,Patient Financing Platform,Pune,"Axilor, Sprout Venture Partners and others",Seed/ Angel Funding,N/A
3,02/08/2018,Samosa Labs,Consumer Internet,Social Media and Chat Entertainment Platform,Hyderabad,Xiaomi and Sequoia Capital India,Private Equity,"7,000,000"
4,03/08/2018,ZiffyHomes,Consumer Internet,Online Home Rental Marketplace,Gurugram,Y Combinator,Private Equity,"120,000"
5,07/08/2018,My OmNamo,Consumer Internet,Holy Platform Offering Customised Puja Packages To Individuals and Corporates,Mumbai,N/A,Seed/ Angel Funding,"1,000,000"
6,07/08/2018,ShopX,Consumer Internet,Assisted E-commerce Platform,Bengaluru,Fung Strategic Holdings,Private Equity,"35,000,000"
7,07/08/2018,MakeMyTrip,Consumer Internet,Online Travel Aggregator,Gurugram,MakeMyTrip Limited,Private Equity,"10,000,000"
8,08/08/2018,Hansel io,Consumer Internet,Real-time Mobile App Management,Bengaluru,Vertex Ventures,Seed/ Angel Funding,"40,00,000"
9,08/08/2018,Metro Bikes,Consumer Internet,Online Bike Rental Marketplace,Bengaluru,"Sequoia Capital India Advisors, Accel Partners and G Raghunandan",Private Equity,"12,200,000"
10,08/08/2018,Phone Pe,Consumer Internet,UPI Payments App,Bengaluru,Flipkart,Private Equity,"66,000,000"
11,09/08/2018,quizizz,Ed-Tech,e-learning Platform,Bengaluru,"Nexus Venture Partners, Prime Venture Partners and Others",Seed/ Angel Funding,"3,000,000"
12,09/08/2018,Happy EMI,Fin-Tech,Consumer Financing Platform,Bengaluru,AJ Ventures and Jain International Trade Organisation (JITO),Seed/ Angel Funding,"1,000,000"
13,13/08/2018,Inthree,Consumer Internet,Rural E-commerce Platform,Chennai,"Ventureast, Orios Venture Partners and the IAN Fund",Seed/ Angel Funding,"4,000,000"
14,13/08/2018,Observe AI,Technology,AI Based Solutions Platform,Bengaluru,"Nexus Venture Partners, MGV, Liquid 2 Ventures, Hack VC, Emergent Ventures and Y Combinator",Private Equity,"8,000,000"
15,16/08/2018,Enakshi,Consumer Internet,AI Based Solutions Platform,Ahemadabad,N/A,Seed/ Angel Funding,"1,14,811"
16,17/08/2018,EazyDiner,Consumer Internet,Online Restaurant Table Reservation Platform,Gurugram,Denlow Investment Trust and Beenext,Private Equity,"58,50,000"
17,20/08/2018,Finzy,Finance,Online Loan Matchmaking Platform,Bengaluru,N/A,Seed / Angel Funding,"10,00,000"
18,20/08/2018,RawPressery,Consumer Internet,Online Organic Juice Delivery Service,Mumbai,Alteria Capital,Debt Funding,"48,00,000"
19,22/08/2018,Pi Ventures,Technology,Applied Artificial Intelligence and IoT focused Platform,Bengaluru,CDC Group plc,Private Equity,"60,00,000"
20,22/08/2018,Revv,Consumer Internet,Online Indian Car Rental Platform,Gurugram,"Hyundai, Edelweiss and Beenext, Dream Incubator, Sunjay Kapoor and Telama Investment",Private Equity,"1,42,70,000"
21,26/08/2018,ZestMoney,Consumer Internet,Online Lending Platform,Bengaluru,"Xiaomi,PayU, Ribbit Capital and Omidyar Network",Private Equity,"1,34,00000"
22,26/08/2018,Shubh Loans,Fin-Tech,Customer Sourcing Platform,Bengaluru,"Saama Capital, SRI Capital, Beenext, and Pravega Ventures",Private Equity,"42,00000"
23,27/08/2018,MyUpchar,Healthcare,Local Language Health Content App,Delhi,"Nexus Venture Partners, Omidyar Network and Shunwei Capital",Private Equity,"50,00000"
24,28/08/2018,Narvar,IT,Post-Purchase Customer Engagement Platform,Bengaluru,Accel (formerly known as Accel Partners),Private Equity,"30,00000"
25,30/08/2018,True North,Finance,Private Equity Firm,Mumbai,N/A,Private Equity,"60,00,00,000"
Sr. No.,Date (dd/mm/yyyy),Startup Name,Industry / Vertical,Sub-Vertical,City / Location,Investors' Name,Investment Type,Amount (In USD)
1,01/07/2018,Leena AI,Technology,HR Virtual Agent For Employees,Gurugram,Y Combinator,Seed/ Angel Funding,N/A
2,02/07/2018,Biryani By Kilo,Consumer Internet,Online Food Delivery,Gurugram,Ajay Relan and Vinay Mittal,Seed/ Angel Funding,"1,000,000"
3,04/07/2018,Anchanto,IT,E-commerce Fulfilment Platform,Pune,MDI Ventures & Telkom Indonesia,Private Equity,"4,000,000"
4,05/072018,Loan Tap,Consumer Internet,Online Lending Platform For Salaried Professionals,Mumbai,"Shunwei Capital, Tuscan Ventures, Ashish Goenka, VC firms India Quotient and Kae Capital",Private Equity,"62,50,000"
5,06/07/2018,PolicyBazaar,Consumer Internet,Online Insurance Selling Platform,Gurugram,Info Edge (India) Ltd and Temasek,Private Equity,"2,7700,000"
6,09/07/2018,zippserv,Consumer Internet,Online Platform For Risk-Assessment Services For Real Estate Investments,Bengaluru,Info Edge (India) Ltd,Seed/ Angel Funding,"440,000"
7,09/07/2018,Groww,Consumer Internet,Online Platform That Sells Direct Plans Of Mutual Funds,Bengaluru,"Insignia Ventures Partners, Lightbridge Partners & Kairos",Seed/ Angel Funding,"1,100,000"
8,10/07/2018,Avenue Growth,Consumer Internet,Online Platform That Connects Brands With Freelance Sales Professionals,Gurugram,"Avtar Monga, chief operating office at IDFC Bank, Aditya Malik & Others",Seed/ Angel Funding,"437,000"
9,10/07/2018,iNICU,Healthcare,Med-tech Platform Providing Care For Newborns,Delhi,Venture Catalysts,Seed/ Angel Funding,N/A
10,10/07/2018,Kinara Capital,Finance,Lending Platform For Micro and Small Enterprises,Bengaluru,ResponsAbility,Private Equity,"5,000,000"
11,10/07/2018,Shop 101,Consumer Internet,Mobile Storefront And Commerce Platform For Sellers,Mumbai,"Stellaris Venture Partners, Vy Capital, Raghunandan G, and Ramakant Sharma",Private Equity,"5,000,000"
12,11/07/2018,Sambandh,Consumer Internet,Online Micro Lending Platform,Rourkela,Base of Pyramid Asia (BOPA) Pte Ltd,Private Equity,"2,500,000"
13,12/07/2018,19th mile,IT,Artificial intelligence-based sales acceleration software platform,Gurugram,"Rishi Vasudev, Excelsior Investments, Ritesh Vohra, Praveer Kumar, Prashant Gupta and Others",Seed/ Angel Funding,"180,000"
14,12/07/2018,5th Vital,Healthcare,Home diagnostics services provider,Bengaluru,Brand Capital and Others,Seed/ Angel Funding,"500,000"
15,13/07/2018,MEngage,Healthcare,A Doctor-Patient Engagement Platform,Jaipur,"Siddharth Agarwal, Mahavir Sharma, Amit Singal, 100 Co-founders Lab and others.",Seed/ Angel Funding,"175,000"
16,17/07/2018,Ofbusiness,Finance,Online Lending Platform For SME,Gurugram,"Creation Investments, Falcon Edge, Matrix Partners India and Zodius Capital",Private Equity,"29,000,000"
17,17/07/2018,Cars24,Consumer Internet,Online Used Car Marketplace,Gurugram,"Kingsway FCI Fund, KCK Global & Others",Private Equity,"4,97,00,000"
18,18/07/2018,The Ken,Consumer Internet,Subscription-Only News Website,Bengaluru,Omidyar Network & Others,Seed/ Angel Funding,"15,00,000"
19,19/07/2018,Book My Show,Consumer Internet,Online Ticketing Platform,Mumbai,"TPG Growth, The Rise Fund & Others",Private Equity,"10,00,00,000"
20,20/07/2018,HousingMan,Consumer Internet,Property Discovery Platform,Bengaluru,N/A,Seed/ Angel Funding,"1,500,000"
21,21/07/2018,PaySense,Consumer Internet,Online Consumer Lending Platform,Mumbai,PayU & Others,Private Equity,"18,000,000"
22,23/07/2018,Yulu Bikes,Technology,Bicycle-Sharing Platform,Bengaluru,N/A,Seed/ Angel Funding,N/A
23,23/07/2018,VTION,Technology,Media Analytics,Gurugram,"AngelList, Rahul Khanna, Rajeev Arora and Ram Ramsundar.",Seed/ Angel Funding,"2,80,000"
24,23/07/2018,Log9 Materials,Technology,Nanotechnology Company Specializing In Graphene,Bengaluru,"Metaform Ventures, Hemant Luthra, Micro venture capital firm GEMS Partners and Others",Seed/ Angel Funding,"4,36,000"
25,24/07/2018,kidovators,Ed-Tech,Skill Learning Platform,Bengaluru,Gray Matters,Seed/ Angel Funding,"180,000"
26,24/07/2018,Digit,Consumer Internet,Online Insurance Startup,Pune,Fairfax,Private Equity,"4,50,00,000"
27,25/07/2018,Black Soil,Finance,Non-Banking Financial Company,Mumbai,"Allcargo Logistics, Navneet Education and Mahavir Agency",Private Equity,"1,70,00,000"
28,25/07/2018,Trell,Consumer Internet,Mobile-First Video Blogging App,Bengaluru,"BeeNext , WEH Ventures and Sprout Ventures",Seed/ Angel Funding,"12,50,000"
29,25/07/2018,iqlect,Technology,Data Analytics Firm,Bengaluru,Ventureast and Exfinity,Seed/ Angel Funding,"25,00,000"
30,26/07/2018,Entropik,IT,Software-As-A-Service Platform,Bengaluru,"Bharat Innovation, IDFC-Parampara Capital, Arthavida Ventures, Jitendra Gupta & Others",Seed/ Angel Funding,"11,00,000"
31,26/07/2018,Bitla Software,Technology,Travel-Focused Tech Startup,Bengaluru,MakeMyTrip,Private Equity,N/A
32,26/07/2018,TheCapitalNet,Fin-Tech,Unified Global Investments Ecosystem,Hyderabad,Lindwall Family Investments LLC (LFI),Private Equity,"500,000"
33,30/07/2018,Shuttl,Consumer Internet,Bus Aggregation Platform,Gurugram,Amazon Alexa Fund & Dentsu Ventures,Private Equity,"1,10,00,000"
34,30/07/2018,Cure Fit,Consumer Internet,Health and fitness Platform,Bengaluru,"IDG Ventures, Accel Partners, Kalaari Capital and Others",Private Equity,"120,000,000"
35,31/07/2018,Five Star Group,Fin-Tech,Non-Bank Lending Platform For SME,Chennai,"TPG, Norwest Venture Partners, Sequoia Capital & Matrix Partners",Private Equity,"100,000,000"
36,31/07/2018,Healthsignz,Healthcare,Health and Well being Platform,Hyderabad,Kantilal Patel,Seed/ Angel Funding,"5,000,000"
Sr. No.,Date (dd/mm/yyyy),Startup Name,Industry / Vertical,Sub-Vertical,City / Location,Investors' Name,Investment Type,Amount (In USD)
1,01/10/2018,Northmist,Fashion,Mens Wear,Delhi,Prashant Jaiswal,Seed/ Angel Funding,N/A
2,02/10/2018,Origo Commodities India Pvt. Ltd,Logistics,Supply Chain,Hyderabad,"Cooperative Oikocredit, Caspian and Hivos-Triodos Fund",Seed/ Angel Funding,"11,000,000"
3,04/10/2018,Grover Zampa,Food,Wine,Mumbai,Ravi Viswanathan,Private Equity,"8,200,000"
4,05/10/2018,Droom,Automobile,New and Used Cars Platform,Gurgaon,ZigExN,Series E,"30,00,000"
5,11/10/2018,Innov8,Real Estate,Co-Working,New Delhi,Credence Family Office,Pre-Series A,"4,000,000"
6,12/10/2018,Blackbuck,Logistics Tech,Largest Trucking Platform,Bengaluru,Sequoia Capital India,Private Funding,"14,680,000"
7,12/10/2018,LetsTransport,Logistics Tech,Book Trucks Online,Bengaluru,Fosun International,Series C,"12,000,000"
Sr. No.,Date (dd/mm/yyyy),Startup Name,Industry / Vertical,Sub-Vertical,City / Location,Investors' Name,Investment Type,Amount (In USD)
1,01/09/2018,Netmeds,Consumer Internet,Online Pharmacy Chain,Chennai,"Sistema Asia Fund, Sistema JSFC and Tanncam Investment",Private Equity,"35,000,000"
2,03/09/2018,Udaan,B2B Platform,Logistics and Shipping,Bengaluru,DST Global and Lightspeed Venture Partners’ global fund.,Private Equity,"225,000,000"
3,03/09/2018,Daily hunt,Consumer Internet,News and ebooks Mobile App,Bengaluru,Falcon Edge,Private Equity,"63,90,000"
4,04/09/2018,3HCare,Healthcare,Healthcare Service Provider,Delhi,N/A,Seed / Angel Funding,"1,000,000"
5,04/09/2018,HappyGoEasy,Consumer Internet,Online Travel Agecy,Gurugram,"Korea Investment Partners (KIP), Samsung and China-based CITIC Capital and others",Private Equity,N/A
6,05/09/2018,Nykaa,Consumer Internet,Online Marketplace For Multi-brand Beauty Cosmetic and Wellness Products,Mumbai,Lighthouse,Private Equity,"15,72,00,000"
7,05/09/2018,Mad Street Den,Technology,Computer Vision And Artificial Intelligence (Ai) Platform,Chennai,KDDI,Private Equity,N/A
8,06/09/2018,Dream11,Consumer Internet,Online Gaming Platform,Mumbai,"Tencent, Kalaari Capital and Private equity firm Multiples Alternate Asset Management",Private Equity,"100,000,000"
9,10/09/2018,MamaEarth,Healthcare,Online Marketplace For Mother and Babycare Products,Gurugram,Stellaris Ventures & Others,Private Equity,"4,000,000"
10,11/09/2018,AutoGrid,Technology,AI-Based Energy Optimisation and Control Provider,Bengaluru,"CLP Holdings Group, Innogy, Ørstead, and Tenaska",Private Equity,"32,000,000"
11,11/09/2018,Pharmeasy,Consumer Internet,Online Marketplace For Pharmaceutical Products,Mumbai,InnoVen Capital,Debt Funding,"55,00,000"
12,11/09/2018,Upwards,Fin-Tech,Online Micro Lending Marketplace,Mumbai,"Shunwei Capital,Quotient, Mayfield & Others",Private Equity,"5,000,000"
13,12/09/2018,Kissht,Fin-Tech,Online lending Platform,Mumbai,"Vertex Ventures Southeast Asia (SEA) and India and Sistema Asia Fund, Fosun RZ Capital, Ventureast, and Endiya Partners.",Private Equity,"30,000,000"
,,,,,,,,
Sr. No.,Date (dd/mm/yyyy),Startup Name,Industry / Vertical,Sub-Vertical,City / Location,Investors' Name,Investment Type,Amount (In USD)
1,01/08/2018,dishq,Food-Tech,Personalisation Technology Firm Focusing On The Food And Beverage Industry,Bengaluru,"Farm To Fork, Arts Alliance, The Syndicate Fund, Sven Hensen, Zeroth and Artesian Venture Partners",Seed/ Angel Funding,"400,000"
2,01/08/2018,HealthFin,Finance,Patient Financing Platform,Pune,"Axilor, Sprout Venture Partners and others",Seed/ Angel Funding,N/A
3,02/08/2018,Samosa Labs,Consumer Internet,Social Media and Chat Entertainment Platform,Hyderabad,Xiaomi and Sequoia Capital India,Private Equity,"7,000,000"
4,03/08/2018,ZiffyHomes,Consumer Internet,Online Home Rental Marketplace,Gurugram,Y Combinator,Private Equity,"120,000"
5,07/08/2018,My OmNamo,Consumer Internet,Holy Platform Offering Customised Puja Packages To Individuals and Corporates,Mumbai,N/A,Seed/ Angel Funding,"1,000,000"
6,07/08/2018,ShopX,Consumer Internet,Assisted E-commerce Platform,Bengaluru,Fung Strategic Holdings,Private Equity,"35,000,000"
7,07/08/2018,MakeMyTrip,Consumer Internet,Online Travel Aggregator,Gurugram,MakeMyTrip Limited,Private Equity,"10,000,000"
8,08/08/2018,Hansel io,Consumer Internet,Real-time Mobile App Management,Bengaluru,Vertex Ventures,Seed/ Angel Funding,"40,00,000"
9,08/08/2018,Metro Bikes,Consumer Internet,Online Bike Rental Marketplace,Bengaluru,"Sequoia Capital India Advisors, Accel Partners and G Raghunandan",Private Equity,"12,200,000"
10,08/08/2018,Phone Pe,Consumer Internet,UPI Payments App,Bengaluru,Flipkart,Private Equity,"66,000,000"
11,09/08/2018,quizizz,Ed-Tech,e-learning Platform,Bengaluru,"Nexus Venture Partners, Prime Venture Partners and Others",Seed/ Angel Funding,"3,000,000"
12,09/08/2018,Happy EMI,Fin-Tech,Consumer Financing Platform,Bengaluru,AJ Ventures and Jain International Trade Organisation (JITO),Seed/ Angel Funding,"1,000,000"
13,13/08/2018,Inthree,Consumer Internet,Rural E-commerce Platform,Chennai,"Ventureast, Orios Venture Partners and the IAN Fund",Seed/ Angel Funding,"4,000,000"
14,13/08/2018,Observe AI,Technology,AI Based Solutions Platform,Bengaluru,"Nexus Venture Partners, MGV, Liquid 2 Ventures, Hack VC, Emergent Ventures and Y Combinator",Private Equity,"8,000,000"
15,16/08/2018,Enakshi,Consumer Internet,AI Based Solutions Platform,Ahemadabad,N/A,Seed/ Angel Funding,"1,14,811"
16,17/08/2018,EazyDiner,Consumer Internet,Online Restaurant Table Reservation Platform,Gurugram,Denlow Investment Trust and Beenext,Private Equity,"58,50,000"
17,20/08/2018,Finzy,Finance,Online Loan Matchmaking Platform,Bengaluru,N/A,Seed / Angel Funding,"10,00,000"
18,20/08/2018,RawPressery,Consumer Internet,Online Organic Juice Delivery Service,Mumbai,Alteria Capital,Debt Funding,"48,00,000"
19,22/08/2018,Pi Ventures,Technology,Applied Artificial Intelligence and IoT focused Platform,Bengaluru,CDC Group plc,Private Equity,"60,00,000"
20,22/08/2018,Revv,Consumer Internet,Online Indian Car Rental Platform,Gurugram,"Hyundai, Edelweiss and Beenext, Dream Incubator, Sunjay Kapoor and Telama Investment",Private Equity,"1,42,70,000"
21,26/08/2018,ZestMoney,Consumer Internet,Online Lending Platform,Bengaluru,"Xiaomi,PayU, Ribbit Capital and Omidyar Network",Private Equity,"1,34,00000"
22,26/08/2018,Shubh Loans,Fin-Tech,Customer Sourcing Platform,Bengaluru,"Saama Capital, SRI Capital, Beenext, and Pravega Ventures",Private Equity,"42,00000"
23,27/08/2018,MyUpchar,Healthcare,Local Language Health Content App,Delhi,"Nexus Venture Partners, Omidyar Network and Shunwei Capital",Private Equity,"50,00000"
24,28/08/2018,Narvar,IT,Post-Purchase Customer Engagement Platform,Bengaluru,Accel (formerly known as Accel Partners),Private Equity,"30,00000"
25,30/08/2018,True North,Finance,Private Equity Firm,Mumbai,N/A,Private Equity,"60,00,00,000"
Sr. No.,Date (dd/mm/yyyy),Startup Name,Industry / Vertical,Sub-Vertical,City / Location,Investors' Name,Investment Type,Amount (In USD)
1,01/07/2018,Leena AI,Technology,HR Virtual Agent For Employees,Gurugram,Y Combinator,Seed/ Angel Funding,N/A
2,02/07/2018,Biryani By Kilo,Consumer Internet,Online Food Delivery,Gurugram,Ajay Relan and Vinay Mittal,Seed/ Angel Funding,"1,000,000"
3,04/07/2018,Anchanto,IT,E-commerce Fulfilment Platform,Pune,MDI Ventures & Telkom Indonesia,Private Equity,"4,000,000"
4,05/072018,Loan Tap,Consumer Internet,Online Lending Platform For Salaried Professionals,Mumbai,"Shunwei Capital, Tuscan Ventures, Ashish Goenka, VC firms India Quotient and Kae Capital",Private Equity,"62,50,000"
5,06/07/2018,PolicyBazaar,Consumer Internet,Online Insurance Selling Platform,Gurugram,Info Edge (India) Ltd and Temasek,Private Equity,"2,7700,000"
6,09/07/2018,zippserv,Consumer Internet,Online Platform For Risk-Assessment Services For Real Estate Investments,Bengaluru,Info Edge (India) Ltd,Seed/ Angel Funding,"440,000"
7,09/07/2018,Groww,Consumer Internet,Online Platform That Sells Direct Plans Of Mutual Funds,Bengaluru,"Insignia Ventures Partners, Lightbridge Partners & Kairos",Seed/ Angel Funding,"1,100,000"
8,10/07/2018,Avenue Growth,Consumer Internet,Online Platform That Connects Brands With Freelance Sales Professionals,Gurugram,"Avtar Monga, chief operating office at IDFC Bank, Aditya Malik & Others",Seed/ Angel Funding,"437,000"
9,10/07/2018,iNICU,Healthcare,Med-tech Platform Providing Care For Newborns,Delhi,Venture Catalysts,Seed/ Angel Funding,N/A
10,10/07/2018,Kinara Capital,Finance,Lending Platform For Micro and Small Enterprises,Bengaluru,ResponsAbility,Private Equity,"5,000,000"
11,10/07/2018,Shop 101,Consumer Internet,Mobile Storefront And Commerce Platform For Sellers,Mumbai,"Stellaris Venture Partners, Vy Capital, Raghunandan G, and Ramakant Sharma",Private Equity,"5,000,000"
12,11/07/2018,Sambandh,Consumer Internet,Online Micro Lending Platform,Rourkela,Base of Pyramid Asia (BOPA) Pte Ltd,Private Equity,"2,500,000"
13,12/07/2018,19th mile,IT,Artificial intelligence-based sales acceleration software platform,Gurugram,"Rishi Vasudev, Excelsior Investments, Ritesh Vohra, Praveer Kumar, Prashant Gupta and Others",Seed/ Angel Funding,"180,000"
14,12/07/2018,5th Vital,Healthcare,Home diagnostics services provider,Bengaluru,Brand Capital and Others,Seed/ Angel Funding,"500,000"
15,13/07/2018,MEngage,Healthcare,A Doctor-Patient Engagement Platform,Jaipur,"Siddharth Agarwal, Mahavir Sharma, Amit Singal, 100 Co-founders Lab and others.",Seed/ Angel Funding,"175,000"
16,17/07/2018,Ofbusiness,Finance,Online Lending Platform For SME,Gurugram,"Creation Investments, Falcon Edge, Matrix Partners India and Zodius Capital",Private Equity,"29,000,000"
17,17/07/2018,Cars24,Consumer Internet,Online Used Car Marketplace,Gurugram,"Kingsway FCI Fund, KCK Global & Others",Private Equity,"4,97,00,000"
18,18/07/2018,The Ken,Consumer Internet,Subscription-Only News Website,Bengaluru,Omidyar Network & Others,Seed/ Angel Funding,"15,00,000"
19,19/07/2018,Book My Show,Consumer Internet,Online Ticketing Platform,Mumbai,"TPG Growth, The Rise Fund & Others",Private Equity,"10,00,00,000"
20,20/07/2018,HousingMan,Consumer Internet,Property Discovery Platform,Bengaluru,N/A,Seed/ Angel Funding,"1,500,000"
21,21/07/2018,PaySense,Consumer Internet,Online Consumer Lending Platform,Mumbai,PayU & Others,Private Equity,"18,000,000"
22,23/07/2018,Yulu Bikes,Technology,Bicycle-Sharing Platform,Bengaluru,N/A,Seed/ Angel Funding,N/A
23,23/07/2018,VTION,Technology,Media Analytics,Gurugram,"AngelList, Rahul Khanna, Rajeev Arora and Ram Ramsundar.",Seed/ Angel Funding,"2,80,000"
24,23/07/2018,Log9 Materials,Technology,Nanotechnology Company Specializing In Graphene,Bengaluru,"Metaform Ventures, Hemant Luthra, Micro venture capital firm GEMS Partners and Others",Seed/ Angel Funding,"4,36,000"
25,24/07/2018,kidovators,Ed-Tech,Skill Learning Platform,Bengaluru,Gray Matters,Seed/ Angel Funding,"180,000"
26,24/07/2018,Digit,Consumer Internet,Online Insurance Startup,Pune,Fairfax,Private Equity,"4,50,00,000"
27,25/07/2018,Black Soil,Finance,Non-Banking Financial Company,Mumbai,"Allcargo Logistics, Navneet Education and Mahavir Agency",Private Equity,"1,70,00,000"
28,25/07/2018,Trell,Consumer Internet,Mobile-First Video Blogging App,Bengaluru,"BeeNext , WEH Ventures and Sprout Ventures",Seed/ Angel Funding,"12,50,000"
29,25/07/2018,iqlect,Technology,Data Analytics Firm,Bengaluru,Ventureast and Exfinity,Seed/ Angel Funding,"25,00,000"
30,26/07/2018,Entropik,IT,Software-As-A-Service Platform,Bengaluru,"Bharat Innovation, IDFC-Parampara Capital, Arthavida Ventures, Jitendra Gupta & Others",Seed/ Angel Funding,"11,00,000"
31,26/07/2018,Bitla Software,Technology,Travel-Focused Tech Startup,Bengaluru,MakeMyTrip,Private Equity,N/A
32,26/07/2018,TheCapitalNet,Fin-Tech,Unified Global Investments Ecosystem,Hyderabad,Lindwall Family Investments LLC (LFI),Private Equity,"500,000"
33,30/07/2018,Shuttl,Consumer Internet,Bus Aggregation Platform,Gurugram,Amazon Alexa Fund & Dentsu Ventures,Private Equity,"1,10,00,000"
34,30/07/2018,Cure Fit,Consumer Internet,Health and fitness Platform,Bengaluru,"IDG Ventures, Accel Partners, Kalaari Capital and Others",Private Equity,"120,000,000"
35,31/07/2018,Five Star Group,Fin-Tech,Non-Bank Lending Platform For SME,Chennai,"TPG, Norwest Venture Partners, Sequoia Capital & Matrix Partners",Private Equity,"100,000,000"
36,31/07/2018,Healthsignz,Healthcare,Health and Well being Platform,Hyderabad,Kantilal Patel,Seed/ Angel Funding,"5,000,000"
Sr. No.,Date (dd/mm/yyyy),Startup Name,Industry / Vertical,Sub-Vertical,City / Location,Investors' Name,Investment Type,Amount (In USD)
1,01/10/2018,Northmist,Fashion,Mens Wear,Delhi,Prashant Jaiswal,Seed/ Angel Funding,N/A
2,02/10/2018,Origo Commodities India Pvt. Ltd,Logistics,Supply Chain,Hyderabad,"Cooperative Oikocredit, Caspian and Hivos-Triodos Fund",Seed/ Angel Funding,"11,000,000"
3,04/10/2018,Grover Zampa,Food,Wine,Mumbai,Ravi Viswanathan,Private Equity,"8,200,000"
4,05/10/2018,Droom,Automobile,New and Used Cars Platform,Gurgaon,ZigExN,Series E,"30,00,000"
5,11/10/2018,Innov8,Real Estate,Co-Working,New Delhi,Credence Family Office,Pre-Series A,"4,000,000"
6,12/10/2018,Blackbuck,Logistics Tech,Largest Trucking Platform,Bengaluru,Sequoia Capital India,Private Funding,"14,680,000"
7,12/10/2018,LetsTransport,Logistics Tech,Book Trucks Online,Bengaluru,Fosun International,Series C,"12,000,000"
Sr. No.,Date (dd/mm/yyyy),Startup Name,Industry / Vertical,Sub-Vertical,City / Location,Investors' Name,Investment Type,Amount (In USD)
1,01/09/2018,Netmeds,Consumer Internet,Online Pharmacy Chain,Chennai,"Sistema Asia Fund, Sistema JSFC and Tanncam Investment",Private Equity,"35,000,000"
2,03/09/2018,Udaan,B2B Platform,Logistics and Shipping,Bengaluru,DST Global and Lightspeed Venture Partners’ global fund.,Private Equity,"225,000,000"
3,03/09/2018,Daily hunt,Consumer Internet,News and ebooks Mobile App,Bengaluru,Falcon Edge,Private Equity,"63,90,000"
4,04/09/2018,3HCare,Healthcare,Healthcare Service Provider,Delhi,N/A,Seed / Angel Funding,"1,000,000"
5,04/09/2018,HappyGoEasy,Consumer Internet,Online Travel Agecy,Gurugram,"Korea Investment Partners (KIP), Samsung and China-based CITIC Capital and others",Private Equity,N/A
6,05/09/2018,Nykaa,Consumer Internet,Online Marketplace For Multi-brand Beauty Cosmetic and Wellness Products,Mumbai,Lighthouse,Private Equity,"15,72,00,000"
7,05/09/2018,Mad Street Den,Technology,Computer Vision And Artificial Intelligence (Ai) Platform,Chennai,KDDI,Private Equity,N/A
8,06/09/2018,Dream11,Consumer Internet,Online Gaming Platform,Mumbai,"Tencent, Kalaari Capital and Private equity firm Multiples Alternate Asset Management",Private Equity,"100,000,000"
9,10/09/2018,MamaEarth,Healthcare,Online Marketplace For Mother and Babycare Products,Gurugram,Stellaris Ventures & Others,Private Equity,"4,000,000"
10,11/09/2018,AutoGrid,Technology,AI-Based Energy Optimisation and Control Provider,Bengaluru,"CLP Holdings Group, Innogy, Ørstead, and Tenaska",Private Equity,"32,000,000"
11,11/09/2018,Pharmeasy,Consumer Internet,Online Marketplace For Pharmaceutical Products,Mumbai,InnoVen Capital,Debt Funding,"55,00,000"
12,11/09/2018,Upwards,Fin-Tech,Online Micro Lending Marketplace,Mumbai,"Shunwei Capital,Quotient, Mayfield & Others",Private Equity,"5,000,000"
13,12/09/2018,Kissht,Fin-Tech,Online lending Platform,Mumbai,"Vertex Ventures Southeast Asia (SEA) and India and Sistema Asia Fund, Fosun RZ Capital, Ventureast, and Endiya Partners.",Private Equity,"30,000,000"
,,,,,,,,
Sr. No.,Date (dd/mm/yyyy),Startup Name,Industry / Vertical,Sub-Vertical,City / Location,Investors' Name,Investment Type,Amount (In USD)
1,01/08/2018,dishq,Food-Tech,Personalisation Technology Firm Focusing On The Food And Beverage Industry,Bengaluru,"Farm To Fork, Arts Alliance, The Syndicate Fund, Sven Hensen, Zeroth and Artesian Venture Partners",Seed/ Angel Funding,"400,000"
2,01/08/2018,HealthFin,Finance,Patient Financing Platform,Pune,"Axilor, Sprout Venture Partners and others",Seed/ Angel Funding,N/A
3,02/08/2018,Samosa Labs,Consumer Internet,Social Media and Chat Entertainment Platform,Hyderabad,Xiaomi and Sequoia Capital India,Private Equity,"7,000,000"
4,03/08/2018,ZiffyHomes,Consumer Internet,Online Home Rental Marketplace,Gurugram,Y Combinator,Private Equity,"120,000"
5,07/08/2018,My OmNamo,Consumer Internet,Holy Platform Offering Customised Puja Packages To Individuals and Corporates,Mumbai,N/A,Seed/ Angel Funding,"1,000,000"
6,07/08/2018,ShopX,Consumer Internet,Assisted E-commerce Platform,Bengaluru,Fung Strategic Holdings,Private Equity,"35,000,000"
7,07/08/2018,MakeMyTrip,Consumer Internet,Online Travel Aggregator,Gurugram,MakeMyTrip Limited,Private Equity,"10,000,000"
8,08/08/2018,Hansel io,Consumer Internet,Real-time Mobile App Management,Bengaluru,Vertex Ventures,Seed/ Angel Funding,"40,00,000"
9,08/08/2018,Metro Bikes,Consumer Internet,Online Bike Rental Marketplace,Bengaluru,"Sequoia Capital India Advisors, Accel Partners and G Raghunandan",Private Equity,"12,200,000"
10,08/08/2018,Phone Pe,Consumer Internet,UPI Payments App,Bengaluru,Flipkart,Private Equity,"66,000,000"
11,09/08/2018,quizizz,Ed-Tech,e-learning Platform,Bengaluru,"Nexus Venture Partners, Prime Venture Partners and Others",Seed/ Angel Funding,"3,000,000"
12,09/08/2018,Happy EMI,Fin-Tech,Consumer Financing Platform,Bengaluru,AJ Ventures and Jain International Trade Organisation (JITO),Seed/ Angel Funding,"1,000,000"
13,13/08/2018,Inthree,Consumer Internet,Rural E-commerce Platform,Chennai,"Ventureast, Orios Venture Partners and the IAN Fund",Seed/ Angel Funding,"4,000,000"
14,13/08/2018,Observe AI,Technology,AI Based Solutions Platform,Bengaluru,"Nexus Venture Partners, MGV, Liquid 2 Ventures, Hack VC, Emergent Ventures and Y Combinator",Private Equity,"8,000,000"
15,16/08/2018,Enakshi,Consumer Internet,AI Based Solutions Platform,Ahemadabad,N/A,Seed/ Angel Funding,"1,14,811"
16,17/08/2018,EazyDiner,Consumer Internet,Online Restaurant Table Reservation Platform,Gurugram,Denlow Investment Trust and Beenext,Private Equity,"58,50,000"
17,20/08/2018,Finzy,Finance,Online Loan Matchmaking Platform,Bengaluru,N/A,Seed / Angel Funding,"10,00,000"
18,20/08/2018,RawPressery,Consumer Internet,Online Organic Juice Delivery Service,Mumbai,Alteria Capital,Debt Funding,"48,00,000"
19,22/08/2018,Pi Ventures,Technology,Applied Artificial Intelligence and IoT focused Platform,Bengaluru,CDC Group plc,Private Equity,"60,00,000"
20,22/08/2018,Revv,Consumer Internet,Online Indian Car Rental Platform,Gurugram,"Hyundai, Edelweiss and Beenext, Dream Incubator, Sunjay Kapoor and Telama Investment",Private Equity,"1,42,70,000"
21,26/08/2018,ZestMoney,Consumer Internet,Online Lending Platform,Bengaluru,"Xiaomi,PayU, Ribbit Capital and Omidyar Network",Private Equity,"1,34,00000"
22,26/08/2018,Shubh Loans,Fin-Tech,Customer Sourcing Platform,Bengaluru,"Saama Capital, SRI Capital, Beenext, and Pravega Ventures",Private Equity,"42,00000"
23,27/08/2018,MyUpchar,Healthcare,Local Language Health Content App,Delhi,"Nexus Venture Partners, Omidyar Network and Shunwei Capital",Private Equity,"50,00000"
24,28/08/2018,Narvar,IT,Post-Purchase Customer Engagement Platform,Bengaluru,Accel (formerly known as Accel Partners),Private Equity,"30,00000"
25,30/08/2018,True North,Finance,Private Equity Firm,Mumbai,N/A,Private Equity,"60,00,00,000"
Sr. No.,Date (dd/mm/yyyy),Startup Name,Industry / Vertical,Sub-Vertical,City / Location,Investors' Name,Investment Type,Amount (In USD)
1,01/07/2018,Leena AI,Technology,HR Virtual Agent For Employees,Gurugram,Y Combinator,Seed/ Angel Funding,N/A
2,02/07/2018,Biryani By Kilo,Consumer Internet,Online Food Delivery,Gurugram,Ajay Relan and Vinay Mittal,Seed/ Angel Funding,"1,000,000"
3,04/07/2018,Anchanto,IT,E-commerce Fulfilment Platform,Pune,MDI Ventures & Telkom Indonesia,Private Equity,"4,000,000"
4,05/072018,Loan Tap,Consumer Internet,Online Lending Platform For Salaried Professionals,Mumbai,"Shunwei Capital, Tuscan Ventures, Ashish Goenka, VC firms India Quotient and Kae Capital",Private Equity,"62,50,000"
5,06/07/2018,PolicyBazaar,Consumer Internet,Online Insurance Selling Platform,Gurugram,Info Edge (India) Ltd and Temasek,Private Equity,"2,7700,000"
6,09/07/2018,zippserv,Consumer Internet,Online Platform For Risk-Assessment Services For Real Estate Investments,Bengaluru,Info Edge (India) Ltd,Seed/ Angel Funding,"440,000"
7,09/07/2018,Groww,Consumer Internet,Online Platform That Sells Direct Plans Of Mutual Funds,Bengaluru,"Insignia Ventures Partners, Lightbridge Partners & Kairos",Seed/ Angel Funding,"1,100,000"
8,10/07/2018,Avenue Growth,Consumer Internet,Online Platform That Connects Brands With Freelance Sales Professionals,Gurugram,"Avtar Monga, chief operating office at IDFC Bank, Aditya Malik & Others",Seed/ Angel Funding,"437,000"
9,10/07/2018,iNICU,Healthcare,Med-tech Platform Providing Care For Newborns,Delhi,Venture Catalysts,Seed/ Angel Funding,N/A
10,10/07/2018,Kinara Capital,Finance,Lending Platform For Micro and Small Enterprises,Bengaluru,ResponsAbility,Private Equity,"5,000,000"
11,10/07/2018,Shop 101,Consumer Internet,Mobile Storefront And Commerce Platform For Sellers,Mumbai,"Stellaris Venture Partners, Vy Capital, Raghunandan G, and Ramakant Sharma",Private Equity,"5,000,000"
12,11/07/2018,Sambandh,Consumer Internet,Online Micro Lending Platform,Rourkela,Base of Pyramid Asia (BOPA) Pte Ltd,Private Equity,"2,500,000"
13,12/07/2018,19th mile,IT,Artificial intelligence-based sales acceleration software platform,Gurugram,"Rishi Vasudev, Excelsior Investments, Ritesh Vohra, Praveer Kumar, Prashant Gupta and Others",Seed/ Angel Funding,"180,000"
14,12/07/2018,5th Vital,Healthcare,Home diagnostics services provider,Bengaluru,Brand Capital and Others,Seed/ Angel Funding,"500,000"
15,13/07/2018,MEngage,Healthcare,A Doctor-Patient Engagement Platform,Jaipur,"Siddharth Agarwal, Mahavir Sharma, Amit Singal, 100 Co-founders Lab and others.",Seed/ Angel Funding,"175,000"
16,17/07/2018,Ofbusiness,Finance,Online Lending Platform For SME,Gurugram,"Creation Investments, Falcon Edge, Matrix Partners India and Zodius Capital",Private Equity,"29,000,000"
17,17/07/2018,Cars24,Consumer Internet,Online Used Car Marketplace,Gurugram,"Kingsway FCI Fund, KCK Global & Others",Private Equity,"4,97,00,000"
18,18/07/2018,The Ken,Consumer Internet,Subscription-Only News Website,Bengaluru,Omidyar Network & Others,Seed/ Angel Funding,"15,00,000"
19,19/07/2018,Book My Show,Consumer Internet,Online Ticketing Platform,Mumbai,"TPG Growth, The Rise Fund & Others",Private Equity,"10,00,00,000"
20,20/07/2018,HousingMan,Consumer Internet,Property Discovery Platform,Bengaluru,N/A,Seed/ Angel Funding,"1,500,000"
21,21/07/2018,PaySense,Consumer Internet,Online Consumer Lending Platform,Mumbai,PayU & Others,Private Equity,"18,000,000"
22,23/07/2018,Yulu Bikes,Technology,Bicycle-Sharing Platform,Bengaluru,N/A,Seed/ Angel Funding,N/A
23,23/07/2018,VTION,Technology,Media Analytics,Gurugram,"AngelList, Rahul Khanna, Rajeev Arora and Ram Ramsundar.",Seed/ Angel Funding,"2,80,000"
24,23/07/2018,Log9 Materials,Technology,Nanotechnology Company Specializing In Graphene,Bengaluru,"Metaform Ventures, Hemant Luthra, Micro venture capital firm GEMS Partners and Others",Seed/ Angel Funding,"4,36,000"
25,24/07/2018,kidovators,Ed-Tech,Skill Learning Platform,Bengaluru,Gray Matters,Seed/ Angel Funding,"180,000"
26,24/07/2018,Digit,Consumer Internet,Online Insurance Startup,Pune,Fairfax,Private Equity,"4,50,00,000"
27,25/07/2018,Black Soil,Finance,Non-Banking Financial Company,Mumbai,"Allcargo Logistics, Navneet Education and Mahavir Agency",Private Equity,"1,70,00,000"
28,25/07/2018,Trell,Consumer Internet,Mobile-First Video Blogging App,Bengaluru,"BeeNext , WEH Ventures and Sprout Ventures",Seed/ Angel Funding,"12,50,000"
29,25/07/2018,iqlect,Technology,Data Analytics Firm,Bengaluru,Ventureast and Exfinity,Seed/ Angel Funding,"25,00,000"
30,26/07/2018,Entropik,IT,Software-As-A-Service Platform,Bengaluru,"Bharat Innovation, IDFC-Parampara Capital, Arthavida Ventures, Jitendra Gupta & Others",Seed/ Angel Funding,"11,00,000"
31,26/07/2018,Bitla Software,Technology,Travel-Focused Tech Startup,Bengaluru,MakeMyTrip,Private Equity,N/A
32,26/07/2018,TheCapitalNet,Fin-Tech,Unified Global Investments Ecosystem,Hyderabad,Lindwall Family Investments LLC (LFI),Private Equity,"500,000"
33,30/07/2018,Shuttl,Consumer Internet,Bus Aggregation Platform,Gurugram,Amazon Alexa Fund & Dentsu Ventures,Private Equity,"1,10,00,000"
34,30/07/2018,Cure Fit,Consumer Internet,Health and fitness Platform,Bengaluru,"IDG Ventures, Accel Partners, Kalaari Capital and Others",Private Equity,"120,000,000"
35,31/07/2018,Five Star Group,Fin-Tech,Non-Bank Lending Platform For SME,Chennai,"TPG, Norwest Venture Partners, Sequoia Capital & Matrix Partners",Private Equity,"100,000,000"
36,31/07/2018,Healthsignz,Healthcare,Health and Well being Platform,Hyderabad,Kantilal Patel,Seed/ Angel Funding,"5,000,000"
