Name,Profile URL,Signal,Location,Market,Website,Employees,Stage,Total Raised,Joining_Month,Joining_Year,latitude,longitude,date_today,Age,Country
Crowdbooster,https://angel.co/company/crowdbooster,5,San Francisco,Public Relations,http://www.crowdbooster.com/,1-10,Seed,,Nov ,01/01/2010,37.7792808,-122.4192363,03/01/2021,11,United States of America
Samba TV,https://angel.co/company/samba-tv,5,San Francisco,Big Data,http://www.samba.tv,201-500,Series A,8000000,Dec ,01/01/2010,37.7792808,-122.4192363,03/01/2021,11,United States of America
Charity Engine,https://angel.co/company/charity-engine,5,Boston,Big Data Analytics,http://www.charityengine.com,1-10,,312000,Oct ,01/01/2010,42.3602534,-71.0582912,03/01/2021,11,United States of America
Vufind (DBA DeepVu),https://angel.co/company/vufind-1,5,Berkeley,Enterprise Resource Planning,http://deepvu.co,11-50,,,Jul ,01/01/2010,37.8708393,-122.2728639,03/01/2021,11,United States of America
Clearfit,https://angel.co/company/clearfit,5,Toronto,Human Resources,http://clearfit.com,11-50,Series A,8700000,Sep ,01/01/2011,43.653963,-79.387207,03/01/2021,10,Canada
Kimera Systems,https://angel.co/company/kimera-systems,3,Portland,Internet of Things,http://www.kimerasystems.com,1-10,,100000,Dec ,01/01/2011,45.5202471,-122.6741949,03/01/2021,10,United States of America
Tala ,https://angel.co/company/talamobile,5,Nairobi,Personal Finance,http://tala.co,201-500,Series C,107400000,Sep ,01/01/2011,-1.2832533,36.8172449,03/01/2021,10,Kenya
Pick1,https://angel.co/company/pick1,5,Rome,Market Research,http://www.pick1.com,11-50,Acquired,1650000,Feb ,01/01/2011,41.894802,12.4853384,03/01/2021,10,Italy
Desti,https://angel.co/company/desti,5,Palo Alto,Mobile Commerce,http://desti.com,1-10,Acquired,3550000,Oct ,01/01/2011,37.4443293,-122.1598465,03/01/2021,10,United States of America
Converge,https://angel.co/company/perfectpost,5,Atlanta,Marketing,http://ConvergeHQ.com,1-10,Seed,350000,Feb ,01/01/2011,33.7490987,-84.3901849,03/01/2021,10,United States of America
Scalable Informatics,https://angel.co/company/scalable-informatics,3,Ann Arbor,Big Data,http://scalableinformatics.com,11-50,Seed,,May ,01/01/2011,40.7127281,-74.0060152,03/01/2021,10,United States of America
Mendeley,https://angel.co/company/mendeley,5,London,Application Platforms,http://www.mendeley.com,51-200,Acquired,2125000,Mar ,01/01/2011,51.5073219,-0.1276474,03/01/2021,10,England
Seevibes,https://angel.co/company/seevibes,5,Paris,Advertising Platforms,http://seevibes.com,11-50,Acquired,960000,Apr ,01/01/2011,48.8566101,2.3514992,03/01/2021,10,France
Booly,https://angel.co/company/booly,4,United Kingdom,Retail Technology,http://boo.ly,,,,May ,01/01/2011,54.7023545,-3.2765753,03/01/2021,10,England
Anetwork,https://angel.co/company/anetwork,3,Iran,Advertising Exchanges,https://anetwork.ir,11-50,Acquired,,Mar ,01/01/2011,32.9407495,52.9471344,03/01/2021,10,Iran
Catch5,https://angel.co/company/catch5,4,Las Vegas,Fraud Detection,http://www.catch5.com,1-10,Acquired,,Jun ,01/01/2011,36.1662859,-115.149225,03/01/2021,10,United States of America
Kwelia,https://angel.co/company/kwelia,5,Austin,Optimization,http://www.kwelia.com,1-10,,150000,Dec ,01/01/2011,30.2711286,-97.7436995,03/01/2021,10,United States of America
In Loco Media,https://angel.co/company/in-loco-media,3,São Paulo,Mobile Advertising,http://www.inlocomedia.com/,11-50,Series A,,Dec ,01/01/2011,-23.5506507,-46.6333824,03/01/2021,10,Brazil
Vidado,https://angel.co/company/vidado,5,Oakland,Artificial Intelligence,http://vidado.ai,11-50,Series C,47400000,Feb ,01/01/2011,37.8044557,-122.2713563,03/01/2021,10,United States of America
AfterCollege,https://angel.co/company/aftercollege,5,San Francisco,College Recruiting,http://www.aftercollege.com/,11-50,Series A,,Mar ,01/01/2011,37.7792808,-122.4192363,03/01/2021,10,United States of America
angelcam,https://angel.co/company/angelcam,5,Las Vegas,Internet of Things,http://www.angelcam.com,11-50,,144600,May ,01/01/2012,36.1662859,-115.149225,03/01/2021,9,United States of America
Deeplink,https://angel.co/company/deeplink,5,New York City,Web Tools,http://www.deeplink.me,1-10,Seed,1350000,Jul ,01/01/2012,40.7127281,-74.0060152,03/01/2021,9,United States of America
WeDidIt ,https://angel.co/company/wedidit,5,New York City,Nonprofits,http://wedid.it,11-50,Seed,1600000,Jul ,01/01/2012,40.7127281,-74.0060152,03/01/2021,9,United States of America
Pigeonly,https://angel.co/company/pigeonly,5,Las Vegas,Photo Sharing,http://pigeon.ly/,1-10,Seed,1000000,Dec ,01/01/2012,36.1662859,-115.149225,03/01/2021,9,United States of America
Imagga,https://angel.co/company/imagga,4,Sofia,Visual Search,http://www.imagga.com,1-10,Seed,310000,Mar ,01/01/2012,42.6978634,23.3221789,03/01/2021,9,Bulgaria
After School,https://angel.co/company/afterschool,5,San Francisco,Location Based Services,http://afterschoolapp.com,51-200,Series A,17400000,Aug ,01/01/2012,37.7792808,-122.4192363,03/01/2021,9,United States of America
DotProduct,https://angel.co/company/dotproduct,4,Houston,Augmented Reality,http://www.DotProduct3D.com,1-10,Seed,,Nov ,01/01/2012,29.7589382,-95.3676974,03/01/2021,9,United States of America
Tipsi,https://angel.co/company/tipsi,5,New York City,Location Based Services,http://www.gettipsi.com,1-10,Seed,250000,Nov ,01/01/2012,40.7127281,-74.0060152,03/01/2021,9,United States of America
ROSTR,https://angel.co/company/rostr-2,4,Jacksonville,Technology,http://www.rostr.co,1-10,Seed,50000,Dec ,01/01/2012,30.3321838,-81.655651,03/01/2021,9,United States of America
Choozle,https://angel.co/company/choozle,5,Denver,Big Data,http://www.choozle.com,11-50,Series A,9892500,Jun ,01/01/2012,39.7392364,-104.9848623,03/01/2021,9,United States of America
Clear Guide Medical,https://angel.co/company/clear-guide-medical,4,Baltimore,Medical Devices,http://www.clearguidemedical.com,1-10,Series A,1500000,Aug ,01/01/2012,39.2908816,-76.610759,03/01/2021,9,United States of America
Modizy,https://angel.co/company/modizy,3,Paris,SaaS,http://www.modizy.com,1-10,,275000,May ,01/01/2012,48.8566101,2.3514992,03/01/2021,9,France
Pulse Wall,https://angel.co/company/pulse-wall-1,3,Zagreb,Consumers,http://www.walloftweets.net,11-50,Seed,75000,May ,01/01/2012,45.813177,15.977048,03/01/2021,9,Croatia
Smartsy,https://angel.co/company/smartsy,5,San Francisco,Mobile Commerce,http://smartsy.co,1-10,Seed,400000,Aug ,01/01/2012,37.7792808,-122.4192363,03/01/2021,9,United States of America
SQream Technologies,https://angel.co/company/sqream-technologies,4,Israel,Databases,http://www.sqreamtech.com/,11-50,Series B,33400000,Feb ,01/01/2012,30.8760272,35.0015196,03/01/2021,9,Israel
Graph Commons,https://angel.co/company/graph-commons,3,New York City,Data Visualization,https://graphcommons.com,1-10,,,Apr ,01/01/2012,40.7127281,-74.0060152,03/01/2021,9,United States of America
Hashdoc,https://angel.co/company/hashdoc,5,"Jordan, JO",Consulting,http://www.hashdoc.com,1-10,Seed,475000,Dec ,01/01/2012,31.1667049,36.941628,03/01/2021,9,Jordan
Tailwind,https://angel.co/company/tailwind,5,Oklahoma City,Social Media Platforms,http://tailwindapp.com,11-50,Seed,1000000,May ,01/01/2012,35.4729886,-97.5170536,03/01/2021,9,United States of America
Breezedocs,https://angel.co/company/breezedocs,5,Melbourne,Document Management,http://www.breezedocs.com,1-10,Seed,150000,Jun ,01/01/2012,-37.8142176,144.9631608,03/01/2021,9,Australia
SpeechTrans,https://angel.co/company/speechtrans-1,5,Lyndhurst,SaaS,http://www.speechtrans.com,11-50,,320000,Mar ,01/01/2012,40.8120247,-74.1242816,03/01/2021,9,United States of America
BovControl,https://angel.co/company/bovcontrol,4,Redwood City,Internet of Things,http://www.bovcontrol.com,11-50,,3500000,Dec ,01/01/2012,37.4863239,-122.2325233,03/01/2021,9,United States of America
VOIQ,https://angel.co/company/voiq,5,San Francisco,B2B,http://www.voiq.com,11-50,Seed,2600000,Apr ,01/01/2012,37.7792808,-122.4192363,03/01/2021,9,United States of America
Apozy,https://angel.co/company/apozy,5,San Francisco,Enterprise Security,https://www.apozy.com,1-10,Seed,1400000,Dec ,01/01/2012,37.7792808,-122.4192363,03/01/2021,9,United States of America
Speak With Me,https://angel.co/company/speak-with-me,5,Mountain View,Speech Recognition,http://www.speakwithme.com,1-10,Seed,2400000,Apr ,01/01/2012,37.3893889,-122.0832101,03/01/2021,9,United States of America
Meshfire,https://angel.co/company/meshfire-1,4,Seattle,Social Media Marketing,http://www.meshfire.com,1-10,Seed,260000,Oct ,01/01/2012,47.6038321,-122.3300624,03/01/2021,9,United States of America
Zillabyte,https://angel.co/company/zillabyte,5,San Francisco,B2B,http://zillabyte.com,1-10,Seed,,Apr ,01/01/2012,37.7792808,-122.4192363,03/01/2021,9,United States of America
SAEX,https://angel.co/company/saex,4,Sunnyvale,Lead Generation,http://www.saex.co/,11-50,,,Apr ,01/01/2012,37.3688301,-122.0363496,03/01/2021,9,United States of America
ZoeMob,https://angel.co/company/zoemob,5,San Francisco,Location Based Services,https://www.zoemob.com,1-10,Seed,800000,Apr ,01/01/2012,37.7792808,-122.4192363,03/01/2021,9,United States of America
MyFitnessPal,https://angel.co/company/myfitnesspal,5,San Francisco,Fitness,http://www.myfitnesspal.com,51-200,Acquired,18000000,Apr ,01/01/2012,37.7792808,-122.4192363,03/01/2021,9,United States of America
Viralheat,https://angel.co/company/viralheat,5,San Mateo,Social Media Marketing,http://www.viralheat.com/,11-50,Acquired,4250000,Jul ,01/01/2012,37.496904,-122.3330573,03/01/2021,9,United States of America
Ditto,https://angel.co/company/ditto,5,Cambridge,Photo Sharing,http://dittolabs.io,11-50,Series C,6900000,Aug ,01/01/2012,52.2034823,0.1235817,03/01/2021,9,England
F16Apps,https://angel.co/company/f16apps,3,Cairo Governorate,RIM,http://www.f16apps.com,1-10,Series A,,Jul ,01/01/2012,30.03496615,31.56346712,03/01/2021,9,Egypt
MobStac,https://angel.co/company/mobstac,5,New York City,Proximity Services,http://mobstac.com,11-50,Series B,2000000,Oct ,01/01/2012,40.7127281,-74.0060152,03/01/2021,9,United States of America
Venddo,https://angel.co/company/venddo,3,Mexico City,Sales Automation,http://www.venddo.com,1-10,Seed,250000,May ,01/01/2012,19.4326009,-99.1333416,03/01/2021,9,Mexico
Powerhive,https://angel.co/company/powerhive,3,Berkeley,,http://www.powerhive.com,11-50,Series A,20000000,Feb ,01/01/2012,37.8708393,-122.2728639,03/01/2021,9,United States of America
Jampp,https://angel.co/company/jampp,4,Buenos Aires,Mobile Commerce,http://www.jampp.com,51-200,Series A,7000000,Mar ,01/01/2012,-34.6075616,-58.437076,03/01/2021,9,Argentina
Frissbi,https://angel.co/company/frissbi,3,Hyderabad,Big Data,http://www.frissbi.com/,1-10,Series A,190000,Sep ,01/01/2012,17.38878595,78.46106473,03/01/2021,9,India
Advsor ,https://angel.co/company/advsor,5,San Francisco,Business Services,http://www.advsor.com,1-10,,,Jan ,01/01/2012,37.7792808,-122.4192363,03/01/2021,9,United States of America
BitGym,https://angel.co/company/bitgym,5,San Francisco Bay Area,Fitness,http://www.bitgym.com,1-10,Seed,,Aug ,01/01/2012,37.7884969,-122.3558473,03/01/2021,9,United States of America
Skimbox,https://angel.co/company/skimbox,3,Boston,Email,http://skimbox.co,11-50,,,May ,01/01/2012,42.3602534,-71.0582912,03/01/2021,9,United States of America
Floored,https://angel.co/company/floored,5,New York City,Graphics,http://www.floored.com,11-50,Acquired,6300000,Aug ,01/01/2012,40.7127281,-74.0060152,03/01/2021,9,United States of America
The Eye Tribe,https://angel.co/company/the-eye-tribe,5,Palo Alto,Computer Vision,http://theeyetribe.com,11-50,Acquired,4100000,Aug ,01/01/2012,37.4443293,-122.1598465,03/01/2021,9,United States of America
Gazemetrix,https://angel.co/company/gazemetrix,5,Mountain View,Brand Marketing,https://www.gazeMetrix.com,1-10,Acquired,140000,Jan ,01/01/2012,37.3893889,-122.0832101,03/01/2021,9,United States of America
Indee,https://angel.co/company/indee-1,3,Los Angeles,Film,http://indee.tv,1-10,,,Apr ,01/01/2012,34.0536909,-118.2427666,03/01/2021,9,United States of America
Skive it,https://angel.co/company/skive-it,4,San Francisco,Robotics,https://skive.it,1-10,,,Oct ,01/01/2012,37.7792808,-122.4192363,03/01/2021,9,United States of America
Qbaka,https://angel.co/company/qbaka,4,Saint Petersburg,B2B,http://vision.qbaka.com/,1-10,Seed,245000,Nov ,01/01/2012,59.938732,30.316229,03/01/2021,9,Russia
HIFI,https://angel.co/company/hifi,5,New York City,Finance Technology,https://hi.fi,11-50,,,Jan ,01/01/2012,40.7127281,-74.0060152,03/01/2021,9,United States of America
Adzuna,https://angel.co/company/adzuna,5,London,Recruiting,http://www.adzuna.co.uk,51-200,Series C,10500000,Aug ,01/01/2012,51.5073219,-0.1276474,03/01/2021,9,England
BeautyArmy,https://angel.co/company/attribuy,5,San Francisco,Personalization,http://www.beautyarmy.com,1-10,,,Oct ,01/01/2012,37.7792808,-122.4192363,03/01/2021,9,United States of America
Kreditech,https://angel.co/company/kreditech,5,Hamburg,Technology,http://www.kreditech.com,51-200,,583900000,Nov ,01/01/2012,53.550341,10.000654,03/01/2021,9,Germany
Handle My Health,https://angel.co/company/handle-my-health,4,London,Internet of Things,http://www.handlemyhealth.com,1-10,Acquired,74038082,Jun ,01/01/2012,51.5073219,-0.1276474,03/01/2021,9,England
Dsmart Industries,https://angel.co/company/dsmart-industries,3,Memphis,Retail Technology,http://www.dsmartinc.com,11-50,,4000000,Apr ,01/01/2012,35.1490215,-90.0516285,03/01/2021,9,United States of America
Zaya Learning Labs,https://angel.co/company/zaya-learning-labs,4,Mumbai,K-12 Education,http://www.zaya.in,11-50,,600000,Apr ,01/01/2012,18.9387711,72.8353355,03/01/2021,9,India
Enertiv,https://angel.co/company/enertiv,5,New York City,Big Data Analytics,https://www.enertiv.com,11-50,,4290000,Dec ,01/01/2012,40.7127281,-74.0060152,03/01/2021,9,United States of America
TripleLift,https://angel.co/company/triplelift,5,London,Native Advertising,http://triplelift.com,51-200,Series B,16625000,Apr ,01/01/2012,51.5073219,-0.1276474,03/01/2021,9,England
Perzo,https://angel.co/company/perzo-4,5,Palo Alto,Unifed Communications,http://perzo.com,1-10,Acquired,,Sep ,01/01/2012,37.4443293,-122.1598465,03/01/2021,9,United States of America
Atooma,https://angel.co/company/atooma,5,Rome,Application Platforms,http://www.atooma.com,1-10,,,Jun ,01/01/2012,41.894802,12.4853384,03/01/2021,9,Italy
Connectifier,https://angel.co/company/connectifier,5,Sunnyvale,Semantic Search,https://www.connectifier.com/about,11-50,Acquired,13600000,Dec ,01/01/2012,37.3688301,-122.0363496,03/01/2021,9,United States of America
Mavrx,https://angel.co/company/mavrx,5,San Francisco,Agriculture,http://www.mavrx.co,11-50,Series A,22420000,Dec ,01/01/2012,37.7792808,-122.4192363,03/01/2021,9,United States of America
MindMeld,https://angel.co/company/mindmeld,5,San Francisco,Artificial Intelligence,http://www.mindmeld.com/,11-50,Acquired,15400000,Oct ,01/01/2012,37.7792808,-122.4192363,03/01/2021,9,United States of America
Biomech,https://angel.co/company/biomech,3,Campbell,Fitness,http://streetworkoutapp.com,1-10,Seed,100000,Sep ,01/01/2012,,,03/01/2021,9,0
720°,https://angel.co/company/720-1,3,Helsinki,Corporate Wellness,http://www.720.fi,1-10,,,Aug ,01/01/2013,60.1674086,24.9425683,03/01/2021,8,Finland
Watchsend,https://angel.co/company/watchsend,5,Mountain View,User Testing,http://www.watchsend.com,1-10,Acquired,,Aug ,01/01/2013,37.3893889,-122.0832101,03/01/2021,8,United States of America
tarla.io,https://angel.co/company/tarlaio,3,Tallinn,Insurance,http://www.tarla.io,1-10,,,Nov ,01/01/2013,59.4372155,24.7453688,03/01/2021,8,Estonia
Science Lab,https://angel.co/company/science-lab,3,Cheltenham,Medical Devices,http://ie.linkedin.com/in/nicholasmcnulty/,1-10,,,Jul ,01/01/2013,51.8995685,-2.0711559,03/01/2021,8,England
DDStocks,https://angel.co/company/ddstocks,3,Montreal,Personal Finance,http://www.ddstocks.com,1-10,,12000,Nov ,01/01/2013,45.4972159,-73.6103642,03/01/2021,8,Canada
Retention.ai (Formerly BetaGlide),https://angel.co/company/retention-ai-formerly-betaglide,5,Palo Alto,Android,http://www.retention.ai,11-50,Acquired,,Sep ,01/01/2013,37.4443293,-122.1598465,03/01/2021,8,United States of America
KinectHealth,https://angel.co/company/kinecthealth,3,Blacksburg,Fitness,http://fit.net,1-10,Seed,18500,Apr ,01/01/2013,37.2296566,-80.4136767,03/01/2021,8,United States of America
Prepify,https://angel.co/company/prepify,5,Austin,Test Prep,http://prepify.me,1-10,Seed,40000,Oct ,01/01/2013,30.2711286,-97.7436995,03/01/2021,8,United States of America
ViSSee,https://angel.co/company/vissee,3,Zurich,3D,http://viss.ee,11-50,Seed,1100000,Aug ,01/01/2013,47.3723941,8.5423328,03/01/2021,8,Switzerland
Angelfish,https://angel.co/company/angelfish,4,,Advertising Exchanges,http://www.angelfish.io,11-50,Seed,500000,Apr ,01/01/2013,34.220389,70.3800314,03/01/2021,8,Afghanistan
Triggerfox,https://angel.co/company/triggerfox,5,Toronto,Contact Management,http://www.influitive.com,11-50,Acquired,2600000,Dec ,01/01/2013,43.653963,-79.387207,03/01/2021,8,Canada
Senndex,https://angel.co/company/senndex,4,Atlanta,Insurance,http://www.Senndex.com,1-10,Seed,70000,Feb ,01/01/2013,33.7490987,-84.3901849,03/01/2021,8,United States of America
Husky Code,https://angel.co/company/husky-code,1,Samara,Manufacturing,http://husky-code.com,1-10,,,Nov ,01/01/2013,53.198627,50.113987,03/01/2021,8,Russia
Human API,https://angel.co/company/humanapi,5,San Mateo,Developer Tools,http://humanapi.co,11-50,,,May ,01/01/2013,37.496904,-122.3330573,03/01/2021,8,United States of America
Tracegolf,https://angel.co/company/tracegolf,4,,Entertainment Industry,http://tracegolf.com,11-50,Seed,500000,Feb ,01/01/2013,34.220389,70.3800314,03/01/2021,8,Afghanistan
Mnemon.io,https://angel.co/company/mnemon-io,3,San Francisco,Semantic Search,http://www.mnemon.io,1-10,,,Oct ,01/01/2013,37.7792808,-122.4192363,03/01/2021,8,United States of America
Dwellar,https://angel.co/company/dwellar,3,Mumbai,Commercial Real Estate,http://www.dwellar.com,11-50,,,Apr ,01/01/2013,18.9387711,72.8353355,03/01/2021,8,India
Jenu.in,https://angel.co/company/jenu-in,3,Fremont,High Tech,http://jenu.in,1-10,,,Nov ,01/01/2013,37.5482697,-121.9885719,03/01/2021,8,United States of America
Keen Home,https://angel.co/company/keen-home,5,New York City,Energy Efficiency,http://www.keenhome.io,11-50,,1640000,Oct ,01/01/2013,40.7127281,-74.0060152,03/01/2021,8,United States of America
Brewbot,https://angel.co/company/brewbot,5,Belfast,Consumer Electronics,http://www.brewbot.io,11-50,,1500000,Nov ,01/01/2013,40.7127281,-74.0060152,03/01/2021,8,United States of America
HunterCo,https://angel.co/company/hunterco,3,Joinville,Social Recruiting,http://www.hunterco.com.br,1-10,,,Aug ,01/01/2013,-26.3044898,-48.8486726,03/01/2021,8,Brazil
GMDH Shell,https://angel.co/company/gmdh-shell,3,,Enterprise Resource Planning,http://www.gmdhshell.com,1-10,,,Jun ,01/01/2013,34.220389,70.3800314,03/01/2021,8,Afghanistan
Butterfleye,https://angel.co/company/butterfleye,5,San Mateo,Consumer Electronics,http://www.GetButterfleye.com,11-50,Acquired,,Dec ,01/01/2013,37.496904,-122.3330573,03/01/2021,8,United States of America
Placemeter,https://angel.co/company/placemeter,5,New York City,Real Time,http://www.placemeter.com,11-50,Acquired,7843000,Jun ,01/01/2013,40.7127281,-74.0060152,03/01/2021,8,United States of America
WIREWAX,https://angel.co/company/wirewax,5,London,Computer Vision,http://www.wirewax.com,11-50,Series A,,Sep ,01/01/2013,51.5073219,-0.1276474,03/01/2021,8,England
TermScout,https://angel.co/company/termscout,4,Boulder,Sales Automation,http://www.termscout.com,11-50,Series A,3800000,Dec ,01/01/2013,40.0149856,-105.2705456,03/01/2021,8,United States of America
SKULLY,https://angel.co/company/skully,5,San Francisco,Augmented Reality,http://www.skully.com,11-50,Series A,11000000,Apr ,01/01/2013,37.7792808,-122.4192363,03/01/2021,8,United States of America
Keepy,https://angel.co/company/keepy,5,San Francisco,Families,http://www.keepy.me,1-10,Seed,1100000,Feb ,01/01/2013,37.7792808,-122.4192363,03/01/2021,8,United States of America
Sonation,https://angel.co/company/sonation,5,Boston,Music,http://www.sonation.net,1-10,Acquired,,Sep ,01/01/2013,42.3602534,-71.0582912,03/01/2021,8,United States of America
Synetiq,https://angel.co/company/synetiq,5,Budapest,Neuroscience,http://synetiq.net,1-10,Seed,,Aug ,01/01/2013,47.4983815,19.0404707,03/01/2021,8,Hungary
Sphere,https://angel.co/company/sphere-1,5,San Francisco,Social Media Platforms,http://www.thesphere.com,1-10,Seed,2250000,Jul ,01/01/2013,37.7792808,-122.4192363,03/01/2021,8,United States of America
RADAR,https://angel.co/company/radar,5,San Diego,Retail Technology,https://goradar.com/,11-50,Seed,21830000,Sep ,01/01/2013,32.7174209,-117.1627714,03/01/2021,8,United States of America
Fitho,https://angel.co/company/fitho,3,Delhi,Fitness,http://www.fitho.in,11-50,Acquired,,May ,01/01/2013,28.6517178,77.2219388,03/01/2021,8,India
Fit3D,https://angel.co/company/fit3d,5,San Mateo,Fitness,http://www.fit3d.com,11-50,Seed,5390000,Feb ,01/01/2013,37.496904,-122.3330573,03/01/2021,8,United States of America
Spire Health,https://angel.co/company/spirehealth,5,San Francisco,Medical Devices,https://spirehealth.com,11-50,,9500000,Mar ,01/01/2013,37.7792808,-122.4192363,03/01/2021,8,United States of America
Lumific,https://angel.co/company/lumific,5,Sydney,Photo Sharing,https://www.lumific.com,1-10,Acquired,250000,Nov ,01/01/2013,-33.8548157,151.2164539,03/01/2021,8,Australia
Ecovent Systems ,https://angel.co/company/ecovent,5,Boston,Internet of Things,http://www.ecoventsystems.com,11-50,Series A,9705000,Nov ,01/01/2013,42.3602534,-71.0582912,03/01/2021,8,United States of America
Cienaga Systems,https://angel.co/company/cienaga-systems-inc,4,,Predictive Analytics,http://www.cienagasystems.net,1-10,Seed,120000,Oct ,01/01/2013,34.220389,70.3800314,03/01/2021,8,Afghanistan
Reveel Technologies,https://angel.co/company/reveel,4,San Francisco,Retail Technology,http://web.reveel.it,11-50,Seed,2220000,Oct ,01/01/2013,37.7792808,-122.4192363,03/01/2021,8,United States of America
ViClone,https://angel.co/company/viclone,3,Barcelona,B2B,http://www.viclone.com,11-50,Seed,1470000,Jul ,01/01/2013,41.3828939,2.1774322,03/01/2021,8,Spain
Baarzo,https://angel.co/company/baarzo-2,5,Palo Alto,Video,http://www.baarzo.com,11-50,Acquired,,Dec ,01/01/2013,37.4443293,-122.1598465,03/01/2021,8,United States of America
Eigen Innovations,https://angel.co/company/eigen-innovations-inc,4,Fredericton,Industrial,http://www.eigeninnovations.com,11-50,Seed,2018000,Dec ,01/01/2013,45.966425,-66.645813,03/01/2021,8,Canada
Geniusly,https://angel.co/company/geniusly,5,Medellín,Emerging Markets,http://geniusly.co,1-10,,,Jul ,01/01/2013,6.2443382,-75.573553,03/01/2021,8,Colombia
SalesChoice,https://angel.co/company/saleschoice,3,Toronto,Sales Automation,http://www.saleschoice.com,11-50,,250000,Oct ,01/01/2013,43.653963,-79.387207,03/01/2021,8,Canada
Datawiz.io,https://angel.co/company/datawiz-io,4,,Retail Technology,http://datawiz.io,11-50,,,Jun ,01/01/2013,34.220389,70.3800314,03/01/2021,8,Afghanistan
pingwell,https://angel.co/company/pingwell,4,Palo Alto,Crowdsourcing,http://www.pingwell.com,1-10,Seed,175000,May ,01/01/2013,37.4443293,-122.1598465,03/01/2021,8,United States of America
Fastree3D,https://angel.co/company/fastree3d,4,,Robotics,http://www.fastree3d.com,1-10,Seed,400000,Nov ,01/01/2013,34.220389,70.3800314,03/01/2021,8,Afghanistan
3Gear Systems,https://angel.co/company/3gear-systems,5,San Francisco,Consumer Electronics,http://www.threegear.com,1-10,Acquired,2250000,May ,01/01/2013,37.7792808,-122.4192363,03/01/2021,8,United States of America
Mintzone,https://angel.co/company/mintzone,4,Gurgaon,,http://mintzone.in,1-10,,,Jan ,01/01/2013,28.4646148,77.0299194,03/01/2021,8,India
Visibly,https://angel.co/company/opternative,5,Chicago,Eyewear,https://www.govisibly.com/,11-50,Series A,9100000,Aug ,01/01/2013,41.8755616,-87.6244212,03/01/2021,8,United States of America
Tritl,https://angel.co/company/tritl,4,San Francisco,In-Context Commerce,http://tritl.com,1-10,,,Sep ,01/01/2013,37.7792808,-122.4192363,03/01/2021,8,United States of America
SportXast,https://angel.co/company/sportxast,4,Los Alamos,Video,http://sportxast.com,1-10,,630000,Nov ,01/01/2013,35.8814009,-106.2989958,03/01/2021,8,United States of America
Nextome,https://angel.co/company/nextome,3,Berlin,Location Based Services,http://www.nextome.net,1-10,,230000,Oct ,01/01/2013,52.5170365,13.3888599,03/01/2021,8,Germany
LAFORGE Optical,https://angel.co/company/laforge-optical,4,Los Angeles,Augmented Reality,http://www.laforgeoptical.com,1-10,Seed,2300000,Jun ,01/01/2013,34.0536909,-118.2427666,03/01/2021,8,United States of America
Next Glass,https://angel.co/company/next-glass-2,4,Wilmington,Wine And Spirits,http://www.nextglass.co,11-50,Seed,75000,Apr ,01/01/2013,39.7459468,-75.546589,03/01/2021,8,United States of America
Gini,https://angel.co/company/gini,5,Munich,Fin Tech,http://www.gini.net,11-50,Seed,,Jan ,01/01/2013,48.1371079,11.5753822,03/01/2021,8,Germany
TopLog,https://angel.co/company/toplog,5,Halifax,Enterprise Security,http://toplog.ca,1-10,Seed,400000,May ,01/01/2013,53.7229229,-1.8604874,03/01/2021,8,England
SportHold,https://angel.co/company/sporthold,5,San Francisco,Fantasy Sports,http://www.sporthold.com,1-10,Seed,257000,Nov ,01/01/2013,37.7792808,-122.4192363,03/01/2021,8,United States of America
Transmetrics,https://angel.co/company/transmetrics,5,Bulgaria,Predictive Analytics,http://transmetrics.eu,11-50,,1865000,May ,01/01/2013,42.6073975,25.4856617,03/01/2021,8,Bulgaria
Compare and Share,https://angel.co/company/compare-and-share,4,Brighton,Sharing Economy,http://www.compareandshare.com/,11-50,Seed,410075,Jul ,01/01/2013,50.8220399,-0.1374061,03/01/2021,8,England
Sentic Technologies,https://angel.co/company/sentic-technologies,4,Chicago,SaaS,http://www.sentictechnologies.com/,11-50,Seed,1785000,Nov ,01/01/2013,41.8755616,-87.6244212,03/01/2021,8,United States of America
Prisync,https://angel.co/company/prisync,4,,SaaS,http://www.prisync.com,1-10,Seed,180000,Jun ,01/01/2013,34.220389,70.3800314,03/01/2021,8,Afghanistan
Wizdee,https://angel.co/company/wizdee,3,Coimbra,Text Analytics,http://www.wizdee.com,11-50,Seed,1000000,Sep ,01/01/2013,40.2109801,-8.4292057,03/01/2021,8,Portugal
Gozaik ,https://angel.co/company/gozaik,3,Boston,Social Recruiting,http://WWW.GOZAIK.COM,1-10,Seed,,Apr ,01/01/2013,42.3602534,-71.0582912,03/01/2021,8,United States of America
BDEX,https://angel.co/company/big-data-exchange,3,Seattle,Identity Management,http://www.bdex.com/,11-50,,1500000,Sep ,01/01/2013,47.6038321,-122.3300624,03/01/2021,8,United States of America
CommutePays,https://angel.co/company/commutepays,4,Denver,Location Based Services,http://www.commutepays.com,11-50,,1100000,Oct ,01/01/2013,39.7392364,-104.9848623,03/01/2021,8,United States of America
www.girik.in,https://angel.co/company/www-girik-in,3,Hyderabad,Mobile Commerce,http://www.girik.in,11-50,Seed,30000,Apr ,01/01/2013,17.38878595,78.46106473,03/01/2021,8,India
WeBRAND,https://angel.co/company/webrand,3,Los Angeles,Crowdsourcing,http://webrand.com,1-10,Seed,450000,Jun ,01/01/2013,34.0536909,-118.2427666,03/01/2021,8,United States of America
Brisk,https://angel.co/company/brisk,3,London,Location Based Services,http://briskapp.co.uk,1-10,Seed,65000,Jun ,01/01/2013,51.5073219,-0.1276474,03/01/2021,8,England
TalkSession,https://angel.co/company/talksession,5,Honolulu,SaaS,http://www.talksession.com,1-10,,250000,Jan ,01/01/2013,21.304547,-157.8556764,03/01/2021,8,United States of America
RetentionGrid,https://angel.co/company/retentiongrid,5,Berlin,Loyalty Programs,http://retentiongrid.com,1-10,Seed,1867874,Aug ,01/01/2013,52.5170365,13.3888599,03/01/2021,8,Germany
smarterkey,https://angel.co/company/smarterkey,4,London,Vacation Rentals,http://smarterkey.com,1-10,Seed,250000,May ,01/01/2013,51.5073219,-0.1276474,03/01/2021,8,England
EnergyDeck,https://angel.co/company/energydeck,4,London,Energy Efficiency,http://www.energydeck.com,11-50,Seed,685000,Jun ,01/01/2013,51.5073219,-0.1276474,03/01/2021,8,England
TixAlert ,https://angel.co/company/tixalert,4,San Diego,iPhone,http://www.tixalert.mobi,1-10,Seed,90000,Sep ,01/01/2013,32.7174209,-117.1627714,03/01/2021,8,United States of America
Qoints,https://angel.co/company/qoints,4,Toronto,Brand Marketing,http://www.qoints.com/,1-10,Seed,540000,May ,01/01/2013,43.653963,-79.387207,03/01/2021,8,Canada
FLYR,https://angel.co/company/flyr,5,San Francisco,Finance Technology,http://flyrlabs.com/,51-200,Series B,13800000,Jan ,01/01/2013,37.7792808,-122.4192363,03/01/2021,8,United States of America
Loyalis,https://angel.co/company/loyalis,4,San Francisco,Loyalty Programs,https://loyalis.co,1-10,Seed,100000,Jul ,01/01/2013,37.7792808,-122.4192363,03/01/2021,8,United States of America
Jobspotting,https://angel.co/company/jobspotting,4,Berlin,Human Resources,https://jobspotting.com,11-50,Acquired,,Nov ,01/01/2013,52.5170365,13.3888599,03/01/2021,8,Germany
Easysize,https://angel.co/company/easysize,4,Copenhagen,SaaS,http://www.easysize.me,1-10,Seed,500000,Mar ,01/01/2013,55.6867243,12.5700724,03/01/2021,8,Denmark
Hakka Labs,https://angel.co/company/hakka-labs,5,San Francisco,Social Media Platforms,http://hakkalabs.co/,1-10,,,May ,01/01/2013,37.7792808,-122.4192363,03/01/2021,8,United States of America
PUBLICFAST,https://angel.co/company/publicfast,5,San Francisco,Advertising Platforms,http://www.publicfast.com/,1-10,,300000,Dec ,01/01/2013,37.7792808,-122.4192363,03/01/2021,8,United States of America
Eviga,https://angel.co/company/eviga,3,San Ramon,Predictive Analytics,http://www.eviga.com/#!glyqa/ctjq,1-10,,,Mar ,01/01/2013,37.7799273,-121.9780153,03/01/2021,8,United States of America
MetricsCat,https://angel.co/company/metricscat,5,Tallinn,Mobile Commerce,http://metricscat.com,1-10,Seed,20000,Mar ,01/01/2013,59.4372155,24.7453688,03/01/2021,8,Estonia
Kiwi,https://angel.co/company/kiwi-ai,5,Toronto,Artificial Intelligence,http://kiwi.ai,1-10,Seed,2500000,Aug ,01/01/2013,43.653963,-79.387207,03/01/2021,8,Canada
Cloth,https://angel.co/company/cloth,4,New York City,Big Data,http://www.clothapp.com,1-10,,,Nov ,01/01/2013,40.7127281,-74.0060152,03/01/2021,8,United States of America
beatdeck,https://angel.co/company/beatdeck,5,Los Angeles,Predictive Analytics,http://www.beatdeck.com,1-10,Seed,97000,May ,01/01/2013,34.0536909,-118.2427666,03/01/2021,8,United States of America
D square,https://angel.co/company/d-square,3,Hasselt,Manufacturing,http://www.dsquare.be,11-50,Series A,3900000,May ,01/01/2013,50.9303735,5.3378043,03/01/2021,8,Belgium
Grandata,https://angel.co/company/grandata,3,Palo Alto,Banking,http://grandata.com,11-50,Seed,1500000,Aug ,01/01/2013,37.4443293,-122.1598465,03/01/2021,8,United States of America
Outleads,https://angel.co/company/outleads,3,New York City,Lead Generation,http://www.outleads.com,1-10,Seed,30000,Nov ,01/01/2013,40.7127281,-74.0060152,03/01/2021,8,United States of America
Predikto,https://angel.co/company/predikto,4,Atlanta,Manufacturing,http://www.predikto.com,1-10,Series A,3640000,Sep ,01/01/2013,33.7490987,-84.3901849,03/01/2021,8,United States of America
QMENTA,https://angel.co/company/qmenta_inc,4,Boston,Neuroscience,http://www.qmenta.com,11-50,Seed,3000000,Jul ,01/01/2013,42.3602534,-71.0582912,03/01/2021,8,United States of America
Xendo,https://angel.co/company/xendo,4,San Francisco,Semantic Search,http://xen.do,1-10,Acquired,,Apr ,01/01/2013,37.7792808,-122.4192363,03/01/2021,8,United States of America
Aureus Analytics,https://angel.co/company/aureus-analytics,4,Singapore,Banking,http://www.aureusanalytics.com,11-50,,,Aug ,01/01/2013,1.340863,103.8303918,03/01/2021,8,Singapore
COGNITUUM,https://angel.co/company/cognituum,4,New York City,Predictive Analytics,https://www.cognituum.com,1-10,,,Dec ,01/01/2013,40.7127281,-74.0060152,03/01/2021,8,United States of America
Framed Data,https://angel.co/company/framed-data,5,San Francisco,Data Mining,http://www.framed.io,1-10,Acquired,2000000,Aug ,01/01/2013,37.7792808,-122.4192363,03/01/2021,8,United States of America
Ignidata,https://angel.co/company/ignidata,4,Lisbon,Advertising Platforms,http://www.ignidata.com,1-10,,,Nov ,01/01/2013,38.7077507,-9.1365919,03/01/2021,8,Portugal
tuplejump,https://angel.co/company/tuplejump,3,Hyderabad,Predictive Analytics,http://www.tuplejump.com,1-10,,,Feb ,01/01/2013,17.38878595,78.46106473,03/01/2021,8,India
Pryv,https://angel.co/company/pryv-1,5,Lausanne,Data Privacy,http://pryv.com,1-10,Seed,2385000,May ,01/01/2013,46.5218269,6.6327025,03/01/2021,8,Switzerland
Upstream Analytics,https://angel.co/company/upstream-analytics-1,4,Washington DC,Crowdsourcing,http://upstream-analytics.com,1-10,,,Oct ,01/01/2013,38.8950092,-77.0365625,03/01/2021,8,United States of America
Springbot,https://angel.co/company/springbot,5,Atlanta,Big Data Analytics,http://www.springbot.com,11-50,Series B,19000000,Jan ,01/01/2013,33.7490987,-84.3901849,03/01/2021,8,United States of America
Peptineo,https://angel.co/company/peptineo,4,Albuquerque,Nanotechnology,http://www.peptineo.com,11-50,,,Jul ,01/01/2013,35.0841034,-106.6509851,03/01/2021,8,United States of America
FlyElephant,https://angel.co/company/flyelephant,4,Odessa,High Performance Computing,http://flyelephant.net,1-10,,,Jun ,01/01/2013,46.4873195,30.7392776,03/01/2021,8,Ukraine
nanopop,https://angel.co/company/nanopop,3,Rio de Janeiro,Market Research,http://www.nanopop.com.br,1-10,,,Jul ,01/01/2013,-22.9110137,-43.2093727,03/01/2021,8,Brazil
Slemma,https://angel.co/company/slemma,4,Los Angeles,Small and Medium Businesses,https://slemma.com,11-50,,,Dec ,01/01/2013,34.0536909,-118.2427666,03/01/2021,8,United States of America
MULTICHANNEL,https://angel.co/company/multichannel-1,5,Mountain View,Advertising Platforms,http://www.multichannel.net,1-10,Seed,3000000,Nov ,01/01/2013,37.3893889,-122.0832101,03/01/2021,8,United States of America
Survmetrics,https://angel.co/company/survmetrics,5,Mountain View,Performance Marketing,http://www.survmetrics.com,1-10,Acquired,,Sep ,01/01/2013,37.3893889,-122.0832101,03/01/2021,8,United States of America
Snoobe,https://angel.co/company/snoobe,3,Montreal,Comparison Shopping,http://www.snoobe.com,1-10,Seed,390000,Jun ,01/01/2013,45.4972159,-73.6103642,03/01/2021,8,Canada
Fylet,https://angel.co/company/fylet,3,Ljubljana,,http://fylet.com,1-10,Seed,41000,Jun ,01/01/2013,46.0498146,14.5067824,03/01/2021,8,Slovenia
Goomoods,https://angel.co/company/goomoods,3,Reno,Mobile Games,http://www.goomoods.com,1-10,,,Aug ,01/01/2013,51.83706805,6.177879292,03/01/2021,8,Germany
Rubikloud ,https://angel.co/company/rubikloud,5,Toronto,Cloud Data Services,http://www.rubikloud.com,51-200,,7000000,Aug ,01/01/2013,43.653963,-79.387207,03/01/2021,8,Canada
Kipsis,https://angel.co/company/kipsis,3,London,Social Media,http://www.kipsis.com,1-10,,,Dec ,01/01/2013,51.5073219,-0.1276474,03/01/2021,8,England
Aptitude Staffing Solutions,https://angel.co/company/aptitude-staffing-solutions,4,San Francisco,Temporary Staffing,http://www.aptitudestaffing.com,,,,Jun ,01/01/2013,37.7792808,-122.4192363,03/01/2021,8,United States of America
Filament,https://angel.co/company/filamenthq,5,Reno,Industrial Automation,http://filament.com,11-50,Series A,21000000,Apr ,01/01/2013,51.83706805,6.177879292,03/01/2021,8,Germany
Bloomlife,https://angel.co/company/bloom-technologies,5,San Francisco,Women-Focused,http://www.bloomlife.com,11-50,Seed,6000000,Aug ,01/01/2014,37.7792808,-122.4192363,03/01/2021,7,United States of America
Lingonautics,https://angel.co/company/lingonautics,4,San Francisco,Social Media Platforms,http://www.lingonautics.com,,,,Dec ,01/01/2014,37.7792808,-122.4192363,03/01/2021,7,United States of America
Stylizr,https://angel.co/company/stylizr,4,Manila,Mobile Commerce,http://www.stylizrapp.com,1-10,,,Jan ,01/01/2014,14.5906216,120.9799696,03/01/2021,7,Philippines
Praedict.IO,https://angel.co/company/praedict-io,2,Miami,Investment Management,http://praedict.io,1-10,,,Aug ,01/01/2014,25.7742658,-80.1936589,03/01/2021,7,United States of America
ShopShopMe,https://angel.co/company/shopshopme,4,Dubai,Big Data,http://www.shopshopme.com,1-10,,,May ,01/01/2014,25.0750095,55.18876088,03/01/2021,7,United Arab Emirates
Dazzmobile,https://angel.co/company/dazzmobile,4,Boston,Corporate Training,http://www.dazzmobile.com,1-10,,,Dec ,01/01/2014,42.3602534,-71.0582912,03/01/2021,7,United States of America
Thoughty,https://angel.co/company/thoughty,3,Los Angeles,Social Media,http://thoughtyapp.com,1-10,,,Apr ,01/01/2014,40.7127281,-74.0060152,03/01/2021,7,United States of America
Wineta,https://angel.co/company/wineta,4,,Wine And Spirits,http://www.wineta.com,1-10,,,Jun ,01/01/2014,34.220389,70.3800314,03/01/2021,7,Afghanistan
Square Metrics ,https://angel.co/company/beaconinside,4,Berlin,Location Based Services,https://www.squaremetrics.com,11-50,,,Dec ,01/01/2014,52.5170365,13.3888599,03/01/2021,7,Germany
OnTone,https://angel.co/company/ontone-1,3,Hamburg,Emotions,http://www.OnTone.de,1-10,,,Apr ,01/01/2014,53.550341,10.000654,03/01/2021,7,Germany
E4 Technologies,https://angel.co/company/e4-technologies,3,Pakistan,Internet of Things,http://www.e4technologies.net,11-50,,,Nov ,01/01/2014,30.3308401,71.247499,03/01/2021,7,Pakistan
Enso.fm,https://angel.co/company/enso-1,3,Sofia,Mobile Advertising,http://enso.fm,1-10,,,Dec ,01/01/2014,42.6978634,23.3221789,03/01/2021,7,Bulgaria
CityBldr,https://angel.co/company/citybldr,4,Seattle,Commercial Real Estate,http://citybldr.com,11-50,,,Jul ,01/01/2014,47.6038321,-122.3300624,03/01/2021,7,United States of America
Amida Technology Solutions,https://angel.co/company/amida,4,Washington DC,Open Source,https://www.amida.com,11-50,,,Mar ,01/01/2014,38.8950092,-77.0365625,03/01/2021,7,United States of America
Bolo Software,https://angel.co/company/bolo-software,4,San Francisco,Public Relations,http://www.BoloHQ.com,1-10,,,Sep ,01/01/2014,37.7792808,-122.4192363,03/01/2021,7,United States of America
SmileyGo,https://angel.co/company/smileygo,4,San Francisco,SaaS,https://www.smileygo.net,1-10,,,Sep ,01/01/2014,37.7792808,-122.4192363,03/01/2021,7,United States of America
Collective[i],https://angel.co/company/collective-i-1,4,New York City,,http://www.collectivei.com,11-50,,,Oct ,01/01/2014,40.7127281,-74.0060152,03/01/2021,7,United States of America
Scena,https://angel.co/company/nativer-2,3,Tel Aviv-Yafo,Reviews and Recommendations,http://www.thescena.com,1-10,,,Nov ,01/01/2014,32.0804808,34.7805274,03/01/2021,7,Israel
Resumazing,https://angel.co/company/resumazing,4,Troy,Big Data,http://www.resumazing.net,1-10,,,Nov ,01/01/2014,39.95737395,26.23801746,03/01/2021,7,Turkey
ZetData,https://angel.co/company/zetdata,4,San Jose,Cloud Computing,http://www.datacanvas.io,1-10,,,Jun ,01/01/2014,37.3361905,-121.8905833,03/01/2021,7,United States of America
Suggestic,https://angel.co/company/suggestic,4,San Francisco,Augmented Reality,http://www.suggestic.com,11-50,,,Sep ,01/01/2014,37.7792808,-122.4192363,03/01/2021,7,United States of America
Obsessory,https://angel.co/company/obsessory,3,,Semantic Search,http://www.obsessory.com,11-50,,,Oct ,01/01/2014,34.220389,70.3800314,03/01/2021,7,Afghanistan
Kono.ai,https://angel.co/company/kono,5,San Francisco,SaaS,https://kono.ai,11-50,Seed,980000,Nov ,01/01/2014,37.7792808,-122.4192363,03/01/2021,7,United States of America
TaDuler,https://angel.co/company/taduler,3,Calgary,Local Services,http://www.taduler.com,1-10,Seed,221000,Sep ,01/01/2014,51.02532675,-114.0498685,03/01/2021,7,Canada
Troo.ly,https://angel.co/company/troo-ly,5,Silicon Valley,Peer-to-Peer,http://troo.ly,1-10,,,Jan ,01/01/2014,37.4429964,-122.1545229,03/01/2021,7,United States of America
FreeWire Technologies,https://angel.co/company/freewire,5,San Leandro,Electric Vehicles,http://www.freewiretech.com,11-50,Series A,16765000,Jul ,01/01/2014,37.7249296,-122.1560768,03/01/2021,7,United States of America
Inbify,https://angel.co/company/inbify,3,Puerto Rico,Hospitality,http://inbify.com/,1-10,,,Nov ,01/01/2014,18.22141715,-66.41328185,03/01/2021,7,United States of America
Jobscan,https://angel.co/company/jobscan,4,Seattle,Consumer,http://www.jobscan.co,11-50,,,Jan ,01/01/2014,47.6038321,-122.3300624,03/01/2021,7,United States of America
OMNI Retail Group,https://angel.co/company/omni-retail-group,4,Seattle,Semantic Search,http://www.omniretailgroup.com,1-10,Seed,1750000,Apr ,01/01/2014,47.6038321,-122.3300624,03/01/2021,7,United States of America
4PIA,https://angel.co/company/4pia,4,Menlo Park,Politics,http://www.4pia.com,1-10,,,Apr ,01/01/2014,37.4519671,-122.1779927,03/01/2021,7,United States of America
Horus Technology,https://angel.co/company/horus-technology,3,Milan,Computer Vision,http://horus.technology,1-10,Seed,900000,Sep ,01/01/2014,45.4668,9.1905,03/01/2021,7,Italy
DoubleMe,https://angel.co/company/doubleme,4,San Jose,Virtual Goods,http://www.doubleme.me,1-10,Seed,225000,Feb ,01/01/2014,37.3361905,-121.8905833,03/01/2021,7,United States of America
HoloBuilder,https://angel.co/company/holobuilder,4,San Francisco,Construction,https://www.HoloBuilder.com,11-50,Seed,600000,Aug ,01/01/2014,37.7792808,-122.4192363,03/01/2021,7,United States of America
Dotaprohub,https://angel.co/company/dotaprohub,4,Gurgaon,Statistic Analysis,http://dotaprohub.com,1-10,Acquired,115000,Aug ,01/01/2014,28.4646148,77.0299194,03/01/2021,7,India
visalyze,https://angel.co/company/visalyze,3,Innsbruck,Social Media Marketing,http://www.visalyze.com,11-50,,1485000,Jan ,01/01/2014,47.26951525,11.3971372,03/01/2021,7,Austria
MobiusBobs ,https://angel.co/company/mobiusbobs,3,Taipei,Crowdsourcing,http://www.mobiusbobs.com,1-10,,100000,Feb ,01/01/2014,25.0375198,121.5636796,03/01/2021,7,Taiwan
PingFlow,https://angel.co/company/pingflow,3,Lille,Supply Chain Management,http://www.pingflow.fr/en,11-50,,,Dec ,01/01/2014,50.6365654,3.0635282,03/01/2021,7,France
LensBricks,https://angel.co/company/lensbricks,5,San Francisco,Small and Medium Businesses,http://www.vidalife.info,1-10,Seed,1000000,Nov ,01/01/2014,37.7792808,-122.4192363,03/01/2021,7,United States of America
Numina,https://angel.co/company/numina,5,Brooklyn,Sensors,http://numina.co,11-50,,,May ,01/01/2014,40.6501038,-73.9495823,03/01/2021,7,United States of America
Augary,https://angel.co/company/augary,5,New York City,Computer Vision,http://www.augary.com,1-10,Seed,,Jan ,01/01/2014,40.7127281,-74.0060152,03/01/2021,7,United States of America
iPourIt,https://angel.co/company/ipourit,5,,Loyalty Programs,http://www.ipouritinc.com,1-10,Seed,800000,Feb ,01/01/2014,34.220389,70.3800314,03/01/2021,7,Afghanistan
Groopify,https://angel.co/company/groopify,4,Madrid,Online Dating,http://www.groopify.me/,11-50,Seed,1465000,May ,01/01/2014,40.4167047,-3.7035825,03/01/2021,7,Spain
Placenote,https://angel.co/company/verticalai,5,Kitchener,Robotics,http://placenote.com,1-10,Seed,1500000,Aug ,01/01/2014,43.453168,-80.494423,03/01/2021,7,Canada
Ingen.io,https://angel.co/company/ingen-io-1,4,Prague,Big Data,http://ingen.io,1-10,Seed,306974,Feb ,01/01/2014,50.0874654,14.4212535,03/01/2021,7,Czech Republic
Tracktics,https://angel.co/company/tracktics,3,,Tracking,http://www.tracktics.com,1-10,Seed,,Oct ,01/01/2014,34.220389,70.3800314,03/01/2021,7,Afghanistan
Soundytics,https://angel.co/company/soundytics,3,Luxembourg,Retail Technology,http://soundytics.com,,Seed,150000,Nov ,01/01/2014,49.8158683,6.1296751,03/01/2021,7,Luxembourg
LinQMart,https://angel.co/company/linqmart-1,1,Bengaluru,Advertising Platforms,http://www.linqmart.com,1-10,Series A,20000,Sep ,01/01/2014,12.9791198,77.5912997,03/01/2021,7,India
Zoomer,https://angel.co/company/zoomer,5,San Francisco,Logistics,http://zoomerdelivery.com,201-500,Acquired,,Oct ,01/01/2014,37.7792808,-122.4192363,03/01/2021,7,United States of America
Dil Mil,https://angel.co/company/gravitygroup,5,San Francisco,Online Dating,http://dilmil.co,1-10,Acquired,4000000,May ,01/01/2014,37.7792808,-122.4192363,03/01/2021,7,United States of America
AppZen,https://angel.co/company/appzen,5,San Jose,Finance Technology,http://www.appzen.com,51-200,Series C,102500000,Apr ,01/01/2014,37.3361905,-121.8905833,03/01/2021,7,United States of America
ClipMine,https://angel.co/company/clipmine,5,Palo Alto,Video,http://clipmineinc.com,1-10,Acquired,1500000,Mar ,01/01/2014,37.4443293,-122.1598465,03/01/2021,7,United States of America
Smarking,https://angel.co/company/smarking,5,San Francisco,Predictive Analytics,http://www.smarking.com,11-50,Seed,3000000,Dec ,01/01/2014,37.7792808,-122.4192363,03/01/2021,7,United States of America
Sutro,https://angel.co/company/sutro,5,San Francisco,Mobile Commerce,https://mysutro.com,1-10,,,Aug ,01/01/2014,37.7792808,-122.4192363,03/01/2021,7,United States of America
CanvasJS,https://angel.co/company/canvasjs,3,Bengaluru,Data Visualization,http://canvasjs.com/,1-10,,,Mar ,01/01/2014,12.9791198,77.5912997,03/01/2021,7,India
Movyl,https://angel.co/company/movyl-entertainment,4,San Francisco,Digital Media,http://www.movyl.us,11-50,,,Jan ,01/01/2014,37.7792808,-122.4192363,03/01/2021,7,United States of America
simMachines,https://angel.co/company/simmachines-1,4,Chicago,Bioinformatics,http://simmachines.com,1-10,,,May ,01/01/2014,41.8755616,-87.6244212,03/01/2021,7,United States of America
eCommerce,https://angel.co/company/ecommerce-6,4,Bengaluru,E-Commerce,http://worksource.wordpress.com,51-200,,,Jun ,01/01/2014,12.9791198,77.5912997,03/01/2021,7,India
GoBeMe,https://angel.co/company/gobeme,4,San Francisco,Training,http://gobe.me,11-50,Seed,800000,Feb ,01/01/2014,37.7792808,-122.4192363,03/01/2021,7,United States of America
Eternime,https://angel.co/company/eternime,4,San Francisco,Social Network,http://eterni.me,1-10,Seed,40000,Apr ,01/01/2014,37.7792808,-122.4192363,03/01/2021,7,United States of America
moment | M,https://angel.co/company/moment-m,4,Irvine,Global,http://www.momentm.com,1-10,Seed,500000,Jun ,01/01/2014,55.6143121,-4.6655591,03/01/2021,7,United States of America
Coinigy,https://angel.co/company/coinigy,4,Milwaukee,Blockchains,https://www.coinigy.com,1-10,Seed,100000,Jun ,01/01/2014,43.0349931,-87.922497,03/01/2021,7,United States of America
Singular,https://angel.co/company/singular,3,Valencia,Augmented Reality,http://www.i-singular.com,1-10,Seed,15000,Feb ,01/01/2014,39.4699014,-0.3759513,03/01/2021,7,Spain
Aetho,https://angel.co/company/aetho,3,Savannah,Robotics,http://aetho.co,1-10,Seed,,Jun ,01/01/2014,32.0809263,-81.0911768,03/01/2021,7,United States of America
Ikarus,https://angel.co/company/ikarus-ai,3,Gurgaon,SaaS,http://ikarus.ai/,11-50,,250000,Oct ,01/01/2014,28.4646148,77.0299194,03/01/2021,7,India
Swimmo,https://angel.co/company/swimmo,3,,Fitness,http://www.swimmo.com,11-50,Seed,120000,Dec ,01/01/2014,34.220389,70.3800314,03/01/2021,7,Afghanistan
Qurater,https://angel.co/company/qurater,4,Bengaluru,Ad Targeting,http://www.qurater.com,1-10,Seed,50000,Jan ,01/01/2014,12.9791198,77.5912997,03/01/2021,7,India
ROBAUTO,https://angel.co/company/robauto,3,Boulder,Robotics,http://robauto.ai,1-10,,50000,Nov ,01/01/2014,40.0149856,-105.2705456,03/01/2021,7,United States of America
getfittter,https://angel.co/company/getfittter,4,Dallas,Fitness,http://getfittter.com/,1-10,Seed,30000,Mar ,01/01/2014,32.7762719,-96.7968559,03/01/2021,7,United States of America
Datalytics,https://angel.co/company/datalytics,3,Rome,Real Time,http://www.datalytics.it,1-10,Seed,225000,Apr ,01/01/2014,41.894802,12.4853384,03/01/2021,7,Italy
Kappo,https://angel.co/company/kappo,4,Santiago,Gamification,http://www.kappo.bike,1-10,Seed,70000,Mar ,01/01/2014,-33.4377968,-70.6504451,03/01/2021,7,Chile
Gpredictive,https://angel.co/company/gpredictive,4,Hamburg,Predictive Analytics,http://www.gpredictive.com,11-50,Seed,3030000,Apr ,01/01/2014,53.550341,10.000654,03/01/2021,7,Germany
Episona,https://angel.co/company/episona,4,Los Angeles,Medical Devices,http://episona.com,1-10,Seed,1375000,Jan ,01/01/2014,34.0536909,-118.2427666,03/01/2021,7,United States of America
Crate.io,https://angel.co/company/crate-io,4,San Francisco,Databases,https://crate.io,11-50,Seed,6000000,Oct ,01/01/2014,37.7792808,-122.4192363,03/01/2021,7,United States of America
FinGenius,https://angel.co/company/fingenius,3,London,Finance Technology,http://www.fingenius.com,1-10,Seed,500000,Apr ,01/01/2014,51.5073219,-0.1276474,03/01/2021,7,England
Wyzerr,https://angel.co/company/wyzerr,4,Cincinnati,Big Data Analytics,http://www.Wyzerr.com,11-50,Seed,1800000,Jul ,01/01/2014,39.1014537,-84.5124602,03/01/2021,7,United States of America
Accomplice,https://angel.co/company/accomplice,5,San Francisco,Advertising Platforms,http://www.accomplice.io,11-50,Series A,7000000,Feb ,01/01/2014,37.7792808,-122.4192363,03/01/2021,7,United States of America
Snips,https://angel.co/company/snips,5,Paris,Internet of Things,http://www.snips.ai,51-200,Series A,19300000,Dec ,01/01/2014,48.8566101,2.3514992,03/01/2021,7,France
Accern,https://angel.co/company/accerncorp,4,New York City,Big Data Analytics,http://www.accern.com,11-50,,4435000,Jan ,01/01/2014,40.7127281,-74.0060152,03/01/2021,7,United States of America
Barricade,https://angel.co/company/barricade,5,Austin,Technology,https://barricade.io,11-50,Seed,1200000,Nov ,01/01/2014,30.2711286,-97.7436995,03/01/2021,7,United States of America
Querium,https://angel.co/company/querium,4,Austin,Training,http://querium.com,1-10,Series A,2508200,Apr ,01/01/2014,30.2711286,-97.7436995,03/01/2021,7,United States of America
Kanjoya ,https://angel.co/company/kanjoya,5,San Francisco,Text Analytics,http://www.kanjoya.com,11-50,Acquired,,Apr ,01/01/2014,37.7792808,-122.4192363,03/01/2021,7,United States of America
Scout Finance,https://angel.co/company/scout-finance,5,New York City,Finance Technology,http://www.scoutfin.com,1-10,Acquired,3500000,Apr ,01/01/2014,40.7127281,-74.0060152,03/01/2021,7,United States of America
Humanrank,https://angel.co/company/humanrank,4,Redwood City,Social Recruiting,http://humanrank.us,11-50,Seed,120000,Mar ,01/01/2014,37.4863239,-122.2325233,03/01/2021,7,United States of America
Cyntient,https://angel.co/company/cyntient,4,Seattle,Mobile Games,http://www.cyntient.com,1-10,Seed,1340000,Feb ,01/01/2014,47.6038321,-122.3300624,03/01/2021,7,United States of America
Routier,https://angel.co/company/routier,4,Tel Aviv-Yafo,Advertising Platforms,http://www.routier.io,1-10,Seed,20000,Nov ,01/01/2014,32.0804808,34.7805274,03/01/2021,7,Israel
invisu.me,https://angel.co/company/invisu-me,4,Sunnyvale,Startups,http://www.invisu.me,1-10,Seed,100000,Aug ,01/01/2014,37.3688301,-122.0363496,03/01/2021,7,United States of America
Sense Chat (Sensay) ,https://angel.co/company/sensay,5,Los Angeles,Messaging,http://makesense.com,11-50,Seed,6000000,Mar ,01/01/2014,34.0536909,-118.2427666,03/01/2021,7,United States of America
LikeCharity,https://angel.co/company/likecharity,5,Raleigh,Nonprofits,http://www.likecharity.com,11-50,Seed,1250000,Jun ,01/01/2014,35.7803977,-78.6390989,03/01/2021,7,United States of America
Catalia Health,https://angel.co/company/catalia-health,5,San Francisco,Medication Adherence,http://cataliahealth.com/,11-50,Seed,7750000,Oct ,01/01/2014,37.7792808,-122.4192363,03/01/2021,7,United States of America
Agent Ace,https://angel.co/company/agent-ace,4,Santa Monica,Big Data Analytics,http://agentace.com,11-50,Acquired,6000000,Jan ,01/01/2014,34.0250724,-118.4965129,03/01/2021,7,United States of America
RedOwl Analytics,https://angel.co/company/redowl-analytics,5,Baltimore,Analytics,https://redowl.com/,51-200,Acquired,24500000,Feb ,01/01/2014,39.2908816,-76.610759,03/01/2021,7,United States of America
Zymergen,https://angel.co/company/zymergen,5,Emeryville,Robotics,http://zymergen.com,501-1000,Series C,576000000,Jan ,01/01/2014,37.8314089,-122.2865266,03/01/2021,7,United States of America
THRONE,https://angel.co/company/thronexyz,4,New York City,Mobile Commerce,http://www.THRONE.xyz,1-10,,,Jul ,01/01/2014,40.7127281,-74.0060152,03/01/2021,7,United States of America
Fundmetric,https://angel.co/company/fundmetric,4,Halifax,Nonprofits,http://www.fundmetric.com,1-10,Seed,300000,Feb ,01/01/2014,53.7229229,-1.8604874,03/01/2021,7,England
Yoco,https://angel.co/company/yoco,4,Johannesburg,Mobile Commerce,http://www.yoco.co.za,51-200,,17650000,Apr ,01/01/2014,-26.205,28.049722,03/01/2021,7,South Africa
Rollio,https://angel.co/company/rollio,4,New York City,SaaS,http://Rollioforce.com,1-10,Seed,670000,May ,01/01/2014,40.7127281,-74.0060152,03/01/2021,7,United States of America
BlueFox.io,https://angel.co/company/bluefox,4,Sunnyvale,Retail,http://www.bluefox.io,11-50,Series A,7000000,Feb ,01/01/2014,37.3688301,-122.0363496,03/01/2021,7,United States of America
Appinions,https://angel.co/company/appinions-1,5,New York City,Social Media Marketing,http://www.appinions.com,11-50,Series A,5600000,Feb ,01/01/2014,40.7127281,-74.0060152,03/01/2021,7,United States of America
Reactful,https://angel.co/company/reactful,5,San Francisco,Predictive Analytics,http://www.Reactful.com,1-10,Seed,970000,Apr ,01/01/2014,37.7792808,-122.4192363,03/01/2021,7,United States of America
Neoma,https://angel.co/company/neoma-1,3,Hong Kong,Location Based Services,http://www.neoma.ai,11-50,Seed,,Nov ,01/01/2014,22.350627,114.1849161,03/01/2021,7,Hong Kong
Kontest,https://angel.co/company/kontest,3,France,Social Media Marketing,http://kontestapp.com,11-50,Seed,833500,Aug ,01/01/2014,46.603354,1.8883335,03/01/2021,7,France
UnaliWear,https://angel.co/company/unaliwear,4,Austin,Medical Devices,http://www.unaliwear.com,11-50,,4600000,Feb ,01/01/2014,30.2711286,-97.7436995,03/01/2021,7,United States of America
Kompyte,https://angel.co/company/kompyte,4,San Francisco,Marketing Research,http://www.kompyte.com,11-50,,480000,Jul ,01/01/2014,37.7792808,-122.4192363,03/01/2021,7,United States of America
Funded City,https://angel.co/company/fundedcity,3,London,Crowdfunding,http://fundedcity.com,1-10,Seed,575000,Aug ,01/01/2014,51.5073219,-0.1276474,03/01/2021,7,England
Filmijob,https://angel.co/company/filmijob,3,Madrid,Human Resources,http://www.filmijob.com,1-10,Seed,70000,Sep ,01/01/2014,40.4167047,-3.7035825,03/01/2021,7,Spain
Stellup,https://angel.co/company/stellup,4,San Francisco,Universities,https://www.stellup.com,11-50,Seed,200000,Oct ,01/01/2014,37.7792808,-122.4192363,03/01/2021,7,United States of America
Industry,https://angel.co/company/industry,3,San Diego,Hospitality,https://www.industry.co,1-10,,2300000,Oct ,01/01/2014,40.7127281,-74.0060152,03/01/2021,7,United States of America
DigitalMR,https://angel.co/company/digitalmr,3,London,Fast-Moving Consumer Goods,http://www.digital-mr.com,11-50,Seed,1020000,Mar ,01/01/2014,51.5073219,-0.1276474,03/01/2021,7,England
8Bit ,https://angel.co/company/8bit,3,,Content Discovery,http://www.get8bit.com,1-10,Seed,110000,Sep ,01/01/2014,34.220389,70.3800314,03/01/2021,7,Afghanistan
Groop,https://angel.co/company/groop,4,Berlin,Algorithms,http://www.groop.co,1-10,Seed,50000,Jan ,01/01/2014,52.5170365,13.3888599,03/01/2021,7,Germany
Realytics,https://angel.co/company/realytics,4,Paris,Online Video Advertising,https://www.realytics.io,11-50,Seed,500000,May ,01/01/2014,48.8566101,2.3514992,03/01/2021,7,France
Gastrofy,https://angel.co/company/gastrofy,4,Stockholm,Groceries,http://www.gastrofy.se,1-10,Seed,456000,Jan ,01/01/2014,59.3251172,18.0710935,03/01/2021,7,Sweden
Carvechi Technology ,https://angel.co/company/carvechi,3,Miami,Entertainment Industry,http://www.carvechitechnology.com,11-50,Seed,300000,Oct ,01/01/2014,25.7742658,-80.1936589,03/01/2021,7,United States of America
WOO Sports,https://angel.co/company/woo-sports,5,Boston,Gamification,http://www.woosports.com,1-10,Series A,4300000,Apr ,01/01/2014,42.3602534,-71.0582912,03/01/2021,7,United States of America
Remesh,https://angel.co/company/remesh,4,Cleveland,Market Research,http://remesh.ai,11-50,Series A,13825000,Dec ,01/01/2014,41.5051613,-81.6934446,03/01/2021,7,United States of America
Presdo,https://angel.co/company/presdo,5,Mountain View,Events,http://presdo.com,1-10,Seed,2960000,Jun ,01/01/2014,37.3893889,-122.0832101,03/01/2021,7,United States of America
LuminaCare Solutions,https://angel.co/company/luminacare-solutions,4,Boston,Hospitals,http://www.luminacaresolutions.com,1-10,,,Mar ,01/01/2014,42.3602534,-71.0582912,03/01/2021,7,United States of America
Luciding,https://angel.co/company/luciding,4,San Francisco,Neuroscience,http://luciding.com,11-50,,,Aug ,01/01/2014,37.7792808,-122.4192363,03/01/2021,7,United States of America
the Scaffold,https://angel.co/company/the-scaffold,4,New York City,Predictive Analytics,https://www.thescaffold.com,1-10,,,Feb ,01/01/2014,40.7127281,-74.0060152,03/01/2021,7,United States of America
Change My Path,https://angel.co/company/change-my-path,5,San Francisco,Training,http://www.changemypath.com,1-10,,,Sep ,01/01/2014,37.7792808,-122.4192363,03/01/2021,7,United States of America
AdvisorConnect,https://angel.co/company/advisorconnect,5,New York City,Finance Technology,http://www.advisorconnect.co,11-50,,,Feb ,01/01/2014,40.7127281,-74.0060152,03/01/2021,7,United States of America
Fusemachines,https://angel.co/company/fusemachines,5,New York City,Artificial Intelligence,https://www.fusemachines.com,51-200,,,Mar ,01/01/2014,40.7127281,-74.0060152,03/01/2021,7,United States of America
Optimity,https://angel.co/company/myoptimity,5,San Francisco,Insurance,http://www.myoptimity.com,11-50,,,Mar ,01/01/2014,37.7792808,-122.4192363,03/01/2021,7,United States of America
Masterscroll,https://angel.co/company/masterscroll,3,London,Content Curation,http://www.masterscroll.com,1-10,,,Apr ,01/01/2014,51.5073219,-0.1276474,03/01/2021,7,England
Clarifai,https://angel.co/company/clarifai,5,Tysons,Photo Sharing,http://clarifai.com,51-200,,40000000,May ,01/01/2014,38.918592,-77.2314723,03/01/2021,7,United States of America
BetterUp,https://angel.co/company/betterup,5,San Francisco,Corporate Training,http://www.betterup.co,51-200,Series A,12900000,Jun ,01/01/2014,37.7792808,-122.4192363,03/01/2021,7,United States of America
Vouch Financial,https://angel.co/company/vouch-financial,5,San Francisco,Financial Services,https://vouch.com,11-50,,9000000,Jun ,01/01/2014,37.7792808,-122.4192363,03/01/2021,7,United States of America
SEE-R,https://angel.co/company/see-r,3,Rome,Predictive Analytics,http://www.see-r.com,1-10,,,Mar ,01/01/2014,41.894802,12.4853384,03/01/2021,7,Italy
curious.IO,https://angel.co/company/curiousio,3,,SaaS,http://curious.io,1-10,,,Dec ,01/01/2014,34.220389,70.3800314,03/01/2021,7,Afghanistan
aiworker,https://angel.co/company/aiworker,3,Kyivs'ka oblast,Human Computer Interaction,http://aiworker.com,1-10,,,Feb ,01/01/2014,50.178595,30.4924884,03/01/2021,7,Ukraine
SentiMeasure,https://angel.co/company/sentimeasure,3,Sydney,Finance Technology,http://sentimeasure.com,1-10,,,Feb ,01/01/2014,-33.8548157,151.2164539,03/01/2021,7,Australia
FluxBand,https://angel.co/company/fluxband,4,Sunnyvale,Consumer Electronics,https://angel.co/fluxband,1-10,Acquired,,Jun ,01/01/2014,37.3688301,-122.0363496,03/01/2021,7,United States of America
Uplevel Security,https://angel.co/company/uplevelsecurity,5,New York City,Enterprise Security,http://www.uplevelsecurity.com,11-50,Seed,2500000,Mar ,01/01/2014,40.7127281,-74.0060152,03/01/2021,7,United States of America
Eventible ,https://angel.co/company/eventible,4,New York,Events,http://www.eventibleapp.com/,1-10,,,May ,01/01/2014,40.7127281,-74.0060152,03/01/2021,7,United States of America
Pitstop,https://angel.co/company/pitstop,5,Waterloo,Mobility,http://pitstopconnect.com,11-50,Seed,,Aug ,01/01/2014,43.466874,-80.524635,03/01/2021,7,Canada
RetSKU,https://angel.co/company/retsku,5,New York City,Retail Technology,http://RetSKU.com,1-10,Seed,1140000,Jan ,01/01/2014,40.7127281,-74.0060152,03/01/2021,7,United States of America
Scalyr,https://angel.co/company/scalyr,5,San Mateo,Developer Tools,http://scalyr.com,51-200,Seed,26100000,Sep ,01/01/2014,37.496904,-122.3330573,03/01/2021,7,United States of America
LIFT12,https://angel.co/company/lift12,5,Singapore,Business Intelligence,http://www.lift12.com,1-10,Seed,560000,Feb ,01/01/2014,1.340863,103.8303918,03/01/2021,7,Singapore
Intricately,https://angel.co/company/intricately,5,San Francisco,Sales Automation,http://intricately.com,11-50,Seed,2000000,Mar ,01/01/2014,37.7792808,-122.4192363,03/01/2021,7,United States of America
Truce,https://angel.co/company/truce-1,5,Mumbai,Marketplaces,https://www.truce.in,11-50,,,Jul ,01/01/2015,18.9387711,72.8353355,03/01/2021,6,India
Responsive.AI,https://angel.co/company/responsivewealth,4,Vancouver,Investment Management,http://www.responsive.ai,1-10,,,Mar ,01/01/2015,49.2608724,-123.1139529,03/01/2021,6,Canada
PeerWell,https://angel.co/company/peerwell,5,Austin,Medical Technologies,https://www.peerwell.co,11-50,Series A,8600000,Feb ,01/01/2015,30.2711286,-97.7436995,03/01/2021,6,United States of America
zeotap,https://angel.co/company/zeotap,5,Milan,Mobile Advertising,http://www.zeotap.com,51-200,Series B,20700000,Apr ,01/01/2015,45.4668,9.1905,03/01/2021,6,Italy
Infinario,https://angel.co/company/infinario,3,Bratislava,Online Gaming,http://www.infinario.com,11-50,Seed,500000,Apr ,01/01/2015,48.1516988,17.1093063,03/01/2021,6,Slovakia
LeadIQ,https://angel.co/company/leadiq,5,Singapore,Sales Automation,https://leadiq.com,11-50,Seed,,Mar ,01/01/2015,1.340863,103.8303918,03/01/2021,6,Singapore
The Cookie Dining,https://angel.co/company/the-cookie-dining,3,Vancouver,SaaS,http://thecookiedining.com,1-10,,,Jun ,01/01/2015,49.2608724,-123.1139529,03/01/2021,6,Canada
Growthzilla,https://angel.co/company/growthzilla,3,Los Angeles,Small and Medium Businesses,https://growthzilla.com,1-10,,,Mar ,01/01/2015,34.0536909,-118.2427666,03/01/2021,6,United States of America
progressa,https://angel.co/company/progressa,4,Vancouver,Finance Technology,http://www.progressa.com,51-200,Series A,11400000,Aug ,01/01/2015,49.2608724,-123.1139529,03/01/2021,6,Canada
Neuron Gym,https://angel.co/company/neuron-gym-2,3,Gurgaon,Brain Health,http://www.neurongym.com,1-10,Seed,25000,Feb ,01/01/2015,28.4646148,77.0299194,03/01/2021,6,India
Storyclash,https://angel.co/company/storyclash,3,Linz,Social Media Monitoring,http://www.storyclash.com/,11-50,,,Jan ,01/01/2015,48.3059078,14.286198,03/01/2021,6,Austria
INTRANAV,https://angel.co/company/quantitec,3,Eschborn,Logistics,https://www.intranav.com,51-200,Series A,4400000,Jan ,01/01/2015,50.1426423,8.5716274,03/01/2021,6,Germany
OTA Expert,https://angel.co/company/ota-expert,3,Berlin,Hotels,http://ota.expert,11-50,,,Feb ,01/01/2015,52.5170365,13.3888599,03/01/2021,6,Germany
chuus,https://angel.co/company/chuus,4,Los Angeles,Online Dating,http://chuus.me,1-10,,,Aug ,01/01/2015,34.0536909,-118.2427666,03/01/2021,6,United States of America
MDScores,https://angel.co/company/mdscores,4,Baltimore,Mobile Health,http://mdscores.com,,,,Mar ,01/01/2015,39.2908816,-76.610759,03/01/2021,6,United States of America
Mustard,https://angel.co/company/mustard-saas,3,Dublin,Hr Tech,https://www.mustard.ie,1-10,,,Feb ,01/01/2015,53.3497645,-6.2602732,03/01/2021,6,Ireland
Guaana,https://angel.co/company/guaana,4,Europe,Open Source,http://www.guaana.com,1-10,,700000,Feb ,01/01/2015,51,10,03/01/2021,6,Germany
Floragraph,https://angel.co/company/floragraph,4,Sunnyvale,Genetic Testing,http://www.Floragraph.me,1-10,,,Dec ,01/01/2015,37.3688301,-122.0363496,03/01/2021,6,United States of America
Match2One,https://angel.co/company/match2one,4,Stockholm,Advertising Platforms,http://www.match2one.com,1-10,,,Jan ,01/01/2015,59.3251172,18.0710935,03/01/2021,6,Sweden
DataProphet,https://angel.co/company/dataprophet,4,Detroit,Manufacturing,http://dataprophet.com,11-50,,,May ,01/01/2015,42.3315509,-83.0466403,03/01/2021,6,United States of America
k. young consulting,https://angel.co/company/k-young-consulting,4,Washington DC,Consulting,http://www.kyoungconsulting.com,,,,Apr ,01/01/2015,38.8950092,-77.0365625,03/01/2021,6,United States of America
Recursion,https://angel.co/company/recursion-pharma,5,Salt Lake City,Artificial Intelligence / Machine Learning,http://www.recursionpharma.com,51-200,Series C,200680000,Jan ,01/01/2015,40.7670126,-111.8904308,03/01/2021,6,United States of America
Codec,https://angel.co/company/codec,5,London,Big Data Analytics,http://www.codeclondon.com,,Seed,6400000,Oct ,01/01/2015,51.5073219,-0.1276474,03/01/2021,6,England
Slavebrain,https://angel.co/company/slavebrain,1,Boston,Android,http://www.slavebrain.com,,,,Nov ,01/01/2015,42.3602534,-71.0582912,03/01/2021,6,United States of America
Vertex Community,https://angel.co/company/vertex-community,2,,Small and Medium Businesses,http://www.vertexhub.com,11-50,,,Jun ,01/01/2015,34.220389,70.3800314,03/01/2021,6,Afghanistan
CO Analytics,https://angel.co/company/co-analytics,3,Israel,Digital Media,http://www.co-analytics.com,1-10,Seed,50000,Feb ,01/01/2015,30.8760272,35.0015196,03/01/2021,6,Israel
Busigence Technologies,https://angel.co/company/busigence-technologies,3,Bengaluru,Big Data Analytics,http://www.busigence.com,1-10,,,Jul ,01/01/2015,12.9791198,77.5912997,03/01/2021,6,India
Tuva,https://angel.co/company/tuva-labs,5,Philadelphia,K-12 Education,http://www.tuvalabs.com,1-10,Seed,430000,Mar ,01/01/2015,39.9527237,-75.1635262,03/01/2021,6,United States of America
HYBE Media,https://angel.co/company/hybe-media,3,Helsinki,Global,http://hybe.com,1-10,,,Nov ,01/01/2015,60.1674086,24.9425683,03/01/2021,6,Finland
DataScience.com,https://angel.co/company/datascience-1,4,Culver City,Big Data Analytics,http://datascience.com,51-200,Series A,28000000,May ,01/01/2015,34.0211224,-118.3964665,03/01/2021,6,United States of America
Inquirly,https://angel.co/company/inquirly,3,Bengaluru,Personalization,http://www.inquirly.com,,Seed,500000,Aug ,01/01/2015,12.9791198,77.5912997,03/01/2021,6,India
OnePay,https://angel.co/company/onepay,4,Austin,Startups,http://www.justonepay.com,1-10,,250000,Mar ,01/01/2015,30.2711286,-97.7436995,03/01/2021,6,United States of America
Arrah Technology,https://angel.co/company/arrah-technology,3,San Francisco,Analytics,http://www.arrahtech.com,1-10,,,Jan ,01/01/2015,37.7792808,-122.4192363,03/01/2021,6,United States of America
Hiddenslate,https://angel.co/company/hiddenslate,3,Menlo Park,Cloud Data Services,http://www.hiddenslate.com,1-10,,,Feb ,01/01/2015,37.4519671,-122.1779927,03/01/2021,6,United States of America
Omny IQ,https://angel.co/company/omnyiq,4,Silicon Valley,Predictive Analytics,http://www.OmnyIQ.com,1-10,,,Jul ,01/01/2015,37.4429964,-122.1545229,03/01/2021,6,United States of America
Cyclique,https://angel.co/company/cyclique,3,Venice,Social Media Platforms,http://www.getcyclique.com,1-10,,,Oct ,01/01/2015,45.4371908,12.3345898,03/01/2021,6,Italy
Onramp BioInformatics,https://angel.co/company/onramp-bioinformatics,4,San Diego,Bioinformatics,http://www.onrampbioinformatics.com,11-50,Seed,,Aug ,01/01/2015,32.7174209,-117.1627714,03/01/2021,6,United States of America
FightCamp (formerly Hykso),https://angel.co/company/hykso,5,Los Angeles,Fitness,https://www.joinfightcamp.com,11-50,,1700000,May ,01/01/2015,34.0536909,-118.2427666,03/01/2021,6,United States of America
Leverage Edu,https://angel.co/company/leverage-3,4,Delhi,Career Management,https://leverageedu.com/,51-200,,,May ,01/01/2015,28.6517178,77.2219388,03/01/2021,6,India
KINETIC,https://angel.co/company/kinetic,5,New York City,B2B,http://www.wearkinetic.com,11-50,,,Feb ,01/01/2015,40.7127281,-74.0060152,03/01/2021,6,United States of America
Fano Labs,https://angel.co/company/fano-labs,4,Hong Kong,B2B,http://fano.ai,11-50,Seed,600000,Dec ,01/01/2015,22.350627,114.1849161,03/01/2021,6,Hong Kong
Data4America.org,https://angel.co/company/data4america-org-1,4,San Francisco,Politics,http://data4america.org,,,,Oct ,01/01/2015,37.7792808,-122.4192363,03/01/2021,6,United States of America
musx,https://angel.co/company/musx,4,Austin,Big Data,http://www.musx.com,1-10,Seed,,Sep ,01/01/2015,30.2711286,-97.7436995,03/01/2021,6,United States of America
Metis ,https://angel.co/company/metis,4,Singapore,Data Visualization,http://www.thisismetis.com,11-50,,,Apr ,01/01/2015,1.340863,103.8303918,03/01/2021,6,Singapore
Gameday Goods,https://angel.co/company/gameday-goods-2,3,Brooklyn,Licensing,http://www.gamedaygoods.com,1-10,Seed,,Nov ,01/01/2015,40.6501038,-73.9495823,03/01/2021,6,United States of America
Litem Analytics,https://angel.co/company/litemanalytics,4,Provo,Legal,,,,,Oct ,01/01/2015,40.2338438,-111.6585337,03/01/2021,6,United States of America
Studitemps,https://angel.co/company/studitemps,4,Berlin,Temporary Staffing,http://www.studitemps.de,201-500,Series C,12400000,Jul ,01/01/2015,52.5170365,13.3888599,03/01/2021,6,Germany
Spiff,https://angel.co/company/getspiff,4,Oslo,Women-Focused,http://www.getspiff.no,1-10,Seed,665000,Mar ,01/01/2015,59.9133301,10.7389701,03/01/2021,6,Norway
AdMass,https://angel.co/company/admass,4,New York City,Advertising Platforms,http://admassinc.com/,1-10,Seed,775000,Aug ,01/01/2015,40.7127281,-74.0060152,03/01/2021,6,United States of America
Moneyworks,https://angel.co/company/moneyworks-1,4,Menlo Park,Location Based Services,http://www.getmoneyworks.com,1-10,,,Jan ,01/01/2015,37.4519671,-122.1779927,03/01/2021,6,United States of America
Zealr,https://angel.co/company/zealr,4,Irvine,Messaging,http://www.zealr.co,1-10,,108000,May ,01/01/2015,55.6143121,-4.6655591,03/01/2021,6,United States of America
Editr,https://angel.co/company/tablo-inc,4,San Francisco,Ecommerce,http://editr.com,1-10,,,Jun ,01/01/2015,37.7792808,-122.4192363,03/01/2021,6,United States of America
Hypercycle,https://angel.co/company/hypercycle,3,Vancouver,Fashion Tech,http://www.hypercycle.co,1-10,,,Jul ,01/01/2015,49.2608724,-123.1139529,03/01/2021,6,Canada
iHR,https://angel.co/company/ihr,3,London,B2B,https://ihr.io/,1-10,,,Mar ,01/01/2015,51.5073219,-0.1276474,03/01/2021,6,England
Voo,https://angel.co/company/rdvoo,4,San Francisco,Social Media Platforms,http://www.tryvoo.com,1-10,,400000,Dec ,01/01/2015,37.7792808,-122.4192363,03/01/2021,6,United States of America
Yatrus Analytics,https://angel.co/company/yatrus-analytics,4,Sofia,Public Sector,http://www.yatrusanalytics.com,1-10,,350000,Apr ,01/01/2015,42.6978634,23.3221789,03/01/2021,6,Bulgaria
Vuevent,https://angel.co/company/vuevent-inc,3,Austin,Events,http://vuevent.com,11-50,Acquired,1500000,Feb ,01/01/2015,30.2711286,-97.7436995,03/01/2021,6,United States of America
Treat,https://angel.co/company/treat,5,San Francisco,Local Services,https://treat.co,1-10,Acquired,,Mar ,01/01/2015,37.7792808,-122.4192363,03/01/2021,6,United States of America
AcceptOn,https://angel.co/company/accepton,5,Mountain View,Developer APIs,http://AcceptOn.com,1-10,Acquired,,Apr ,01/01/2015,37.3893889,-122.0832101,03/01/2021,6,United States of America
InteliAthlete,https://angel.co/company/inteliathlete,2,Miami,Big Data Analytics,http://inteliathlete.com,1-10,,,Mar ,01/01/2015,25.7742658,-80.1936589,03/01/2021,6,United States of America
Interviewed,https://angel.co/company/teaminterviewed,5,San Francisco,Human Resources,https://www.interviewed.com,11-50,Acquired,2300000,Mar ,01/01/2015,37.7792808,-122.4192363,03/01/2021,6,United States of America
CloudNC,https://angel.co/company/cloudnc,5,London,Manufacturing,http://cloudnc.co.uk,11-50,Series A,15345000,Nov ,01/01/2015,51.5073219,-0.1276474,03/01/2021,6,England
audiodevel.com,https://angel.co/company/audiodevel-com,3,Lisbon,Consumer Electronics,http://www.audiodevel.com,1-10,Seed,30000,Apr ,01/01/2015,38.7077507,-9.1365919,03/01/2021,6,Portugal
Paracosm,https://angel.co/company/paracosm,5,Gainesville,Construction,http://paracosm.io,11-50,,3300000,Jul ,01/01/2015,29.6519396,-82.3249961,03/01/2021,6,United States of America
Jasper,https://angel.co/company/inoventive-1,3,Detroit,Artificial Intelligence,http://jasper.ai,1-10,Seed,49500,Feb ,01/01/2015,42.3315509,-83.0466403,03/01/2021,6,United States of America
WOAX,https://angel.co/company/woax,3,New York City,Startups,https://woax.com,1-10,Seed,60000,Mar ,01/01/2015,40.7127281,-74.0060152,03/01/2021,6,United States of America
UnitesUs,https://angel.co/company/unitesus,3,Orange County,Human Resources,https://unitesus.com/welcome,1-10,Seed,100000,May ,01/01/2015,33.7500378,-117.8704931,03/01/2021,6,United States of America
CluedIn,https://angel.co/company/cluedin-1,3,Copenhagen,Information Services,http://cluedin.net,11-50,Seed,20000,Apr ,01/01/2015,40.7127281,-74.0060152,03/01/2021,6,Denmark
uSens,https://angel.co/company/usens,4,San Jose,Digital Signage,http://www.usens.com,11-50,Series A,26700000,Jan ,01/01/2015,37.3361905,-121.8905833,03/01/2021,6,United States of America
Valossa,https://angel.co/company/valossa,3,Palo Alto,Deep Learning,http://www.valossa.com/,1-10,Seed,650000,Oct ,01/01/2015,37.4443293,-122.1598465,03/01/2021,6,United States of America
Scofen,https://angel.co/company/scofen,3,Vancouver,Market Research,http://www.scofen.com,1-10,,,Oct ,01/01/2015,49.2608724,-123.1139529,03/01/2021,6,Canada
Qwery Ninja,https://angel.co/company/qwery-ninja,3,Mexico City,Consumers Survey,http://www.qwery.ninja,,,,Apr ,01/01/2015,19.4326009,-99.1333416,03/01/2021,6,Mexico
Credible,https://angel.co/company/credible-2,4,Tel Aviv-Yafo,Consumer Lending,http://credible.eu.com,1-10,,,Oct ,01/01/2015,32.0804808,34.7805274,03/01/2021,6,Israel
Naborly,https://angel.co/company/naborly,4,Toronto,Rental Housing,http://naborly.com,11-50,,,Jan ,01/01/2015,43.653963,-79.387207,03/01/2021,6,Canada
pitchLove,https://angel.co/company/pitchlove,4,Portland,Market Research,http://pitchlove.co,1-10,,,Apr ,01/01/2015,45.5202471,-122.6741949,03/01/2021,6,United States of America
Trigon Health,https://angel.co/company/trigon-health,4,Washington DC,Big Data Analytics,http://www.trigonhealth.com,,,,Jul ,01/01/2015,38.8950092,-77.0365625,03/01/2021,6,United States of America
QM Scientific,https://angel.co/company/qm-scientific-1,4,San Jose,Retail Technology,http://qmscientific.com,1-10,,,Mar ,01/01/2015,37.3361905,-121.8905833,03/01/2021,6,United States of America
RoomDots,https://angel.co/company/roomdots,4,New York City,Rental Housing,http://www.roomdots.com,1-10,,,Oct ,01/01/2015,40.7127281,-74.0060152,03/01/2021,6,United States of America
Perxity,https://angel.co/company/hyprcity,3,Los Angeles,Nonprofits,http://perxity.com,1-10,,,Apr ,01/01/2015,34.0536909,-118.2427666,03/01/2021,6,United States of America
Cooplo,https://angel.co/company/cooplo,3,New York City,Reviews and Recommendations,http://www.cooplo.com,,,,May ,01/01/2015,40.7127281,-74.0060152,03/01/2021,6,United States of America
Emerj ,https://angel.co/company/lean-on-1,3,Tel Aviv-Yafo,Mentorship,http://www.emerj.work,1-10,,,May ,01/01/2015,32.0804808,34.7805274,03/01/2021,6,Israel
HOLLYFY,https://angel.co/company/hollyfy,3,Los Angeles,Brand Marketing,http://hollyfy.com,1-10,,,Oct ,01/01/2015,34.0536909,-118.2427666,03/01/2021,6,United States of America
Visiblee,https://angel.co/company/visiblee,5,Mountain View,B2B,http://www.visiblee.biz,11-50,,800000,Jul ,01/01/2015,37.3893889,-122.0832101,03/01/2021,6,United States of America
ThisWay Global,https://angel.co/company/thisway-global,3,Austin,Human Resources,http://www.thiswayglobal.com,11-50,,,May ,01/01/2015,30.2711286,-97.7436995,03/01/2021,6,United States of America
ZephyCloud,https://angel.co/company/meteopole,3,Marseille,Open Source,http://www.zephycloud.com,11-50,,,Mar ,01/01/2015,43.2961743,5.3699525,03/01/2021,6,France
AnyMetrics,https://angel.co/company/anymetrics,3,Earth,Small and Medium Businesses,http://,,,,Mar ,01/01/2015,34.2331373,-102.4107493,03/01/2021,6,United States of America
MagicPrice,https://angel.co/company/magicprice,3,Tokyo,Hotels,http://sora.flights,1-10,,200000,May ,01/01/2015,35.6828387,139.7594549,03/01/2021,6,Japan
Secured Universe,https://angel.co/company/secured-universe,5,San Diego,Android,https://secureduniverse.com,1-10,,,May ,01/01/2015,32.7174209,-117.1627714,03/01/2021,6,United States of America
GeoPhy,https://angel.co/company/geophy,3,Delft,Big Data Analytics,http://www.geophy.com,51-200,,,Feb ,01/01/2015,51.9994572,4.362724539,03/01/2021,6,Netherlands
Monument,https://angel.co/company/monument,4,Chicago,Consumer Electronics,http://getmonument.com,1-10,Seed,2533800,Mar ,01/01/2015,41.8755616,-87.6244212,03/01/2021,6,United States of America
XR Web,https://angel.co/company/gofind,4,Singapore,Blockchain / Cryptocurrency,http://www.xrweb.network,11-50,,,Oct ,01/01/2015,1.340863,103.8303918,03/01/2021,6,Singapore
Global Innovation,https://angel.co/company/global-innovation,1,New York City,SaaS,http://globalinnovation.co,1-10,,,Jul ,01/01/2015,40.7127281,-74.0060152,03/01/2021,6,United States of America
GamePlan Learning,https://angel.co/company/gameplan-learning,4,Atlanta,Career Planning,http://gameplanlearning.com,11-50,Seed,400000,Feb ,01/01/2015,33.7490987,-84.3901849,03/01/2021,6,United States of America
Townista,https://angel.co/company/townista,4,Bengaluru,Online Reservations,http://townista.com,1-10,Seed,50000,Mar ,01/01/2015,12.9791198,77.5912997,03/01/2021,6,India
Luxie,https://angel.co/company/vernax,3,Tokyo,Internet of Things,http://getaudrey.com,1-10,,,Sep ,01/01/2015,35.6828387,139.7594549,03/01/2021,6,Japan
Scarlett Studio,https://angel.co/company/scarlett-2,4,Sunnyvale,Smart Tv,http://getscarlett.com,1-10,,,Jul ,01/01/2015,37.3688301,-122.0363496,03/01/2021,6,United States of America
Snowcookie Sports,https://angel.co/company/snowcookie,4,Poland,Internet of Things,http://snowcookie.eu,11-50,Seed,,May ,01/01/2015,52.215933,19.134422,03/01/2021,6,Poland
Contentop,https://angel.co/company/contentop,3,Nagercoil,Writing,http://contentop.com,1-10,,,Jan ,01/01/2015,8.1880471,77.4290492,03/01/2021,6,India
Lift,https://angel.co/company/lift-,3,Netherlands,Hr Tech,http://liftapp.com/,1-10,,,Nov ,01/01/2015,52.5001698,5.7480821,03/01/2021,6,Netherlands
Shine,https://angel.co/company/shine-text,4,New York City,Website,http://www.shinetext.com/,1-10,Seed,,Sep ,01/01/2015,40.7127281,-74.0060152,03/01/2021,6,United States of America
Zero  Email,https://angel.co/company/zero-app,5,Los Gatos,Legal Tech,http://zeroapp.ai,1-10,Seed,900000,Feb ,01/01/2015,37.226611,-121.9746797,03/01/2021,6,United States of America
IonPath,https://angel.co/company/ionpath,5,Stanford,Diagnostics,http://web.stanford.edu/group/nolan/,,,,Sep ,01/01/2015,37.427467,-122.1702445,03/01/2021,6,United States of America
360player.io,https://angel.co/company/360player,3,Paris,Computer Vision,https://360player.io,1-10,Seed,228000,Jun ,01/01/2015,48.8566101,2.3514992,03/01/2021,6,France
Mixvisor,https://angel.co/company/mixvisor,4,Sydney,Content Discovery,http://mixvisor.com,1-10,Seed,50000,Apr ,01/01/2015,-33.8548157,151.2164539,03/01/2021,6,Australia
UB,https://angel.co/company/ub,4,London,Developer APIs,http://about.ub.io/,1-10,Seed,2140000,Feb ,01/01/2015,51.5073219,-0.1276474,03/01/2021,6,England
Hexo+,https://angel.co/company/hexo-1,3,Grenoble,Drones,http://www.hexoplus.com,11-50,,3000000,Mar ,01/01/2015,45.1875602,5.7357819,03/01/2021,6,France
Legal Robot,https://angel.co/company/legal-robot,5,San Francisco,Legal,https://www.legalrobot.com,1-10,,105000,Aug ,01/01/2015,37.7792808,-122.4192363,03/01/2021,6,United States of America
Spilly,https://angel.co/company/splashvr,3,Berlin,Augmented Reality,http://spil.ly,11-50,Seed,2700000,Jun ,01/01/2015,52.5170365,13.3888599,03/01/2021,6,Germany
re:infer,https://angel.co/company/reinfer,5,London,SaaS,https://reinfer.io/,1-10,Seed,75000,May ,01/01/2015,51.5073219,-0.1276474,03/01/2021,6,England
Incode Technologies,https://angel.co/company/incode-technologies,3,San Francisco,Photo Editing,http://www.incode.com,11-50,Seed,5000000,Jul ,01/01/2015,37.7792808,-122.4192363,03/01/2021,6,United States of America
Telemetrio,https://angel.co/company/telemetrio,3,Michigan,Broadcasting,http://www.telemetrio.com,,Seed,25000,Apr ,01/01/2015,43.6211955,-84.6824346,03/01/2021,6,United States of America
Flock Ltd. ,https://angel.co/company/flockcover,4,London,Drones,http://flockcover.com,11-50,Seed,3507670,Feb ,01/01/2016,51.5073219,-0.1276474,03/01/2021,5,England
AgShift,https://angel.co/company/agshift,4,Santa Clara,Technology,http://www.agshift.com,1-10,,,Jun ,01/01/2016,37.3541132,-121.9551744,03/01/2021,5,United States of America
Noviopus,https://angel.co/company/noviopus,3,Israel,Social Recruiting,http://www.noviopus.com,1-10,,920000,Feb ,01/01/2016,30.8760272,35.0015196,03/01/2021,5,Israel
Marathon Laundry Machines,https://angel.co/company/marathonlaundry,4,San Carlos,Internet of Things,http://marathonlaundry.com,1-10,,,Feb ,01/01/2016,6.19008655,-74.94219336,03/01/2021,5,Colombia
KangarooHealth (Stanford StartX),https://angel.co/company/kangaroohealth,4,Palo Alto,B2B,http://www.kangaroohealth.com,1-10,,500000,Mar ,01/01/2016,37.4443293,-122.1598465,03/01/2021,5,United States of America
Neener Analytics,https://angel.co/company/neener,4,San Jose,Social Media Marketing,http://NeenerAnalytics.com,1-10,,,Nov ,01/01/2016,37.3361905,-121.8905833,03/01/2021,5,United States of America
ReoLab,https://angel.co/company/reolab,4,San Francisco,Diagnostics,https://www.reolab.io,1-10,,,Feb ,01/01/2016,37.7792808,-122.4192363,03/01/2021,5,United States of America
ThinkINside,https://angel.co/company/thinkinside,3,Eislingen,Manufacturing,http://www.thinkin.io,1-10,Seed,200000,Sep ,01/01/2016,48.6924458,9.6818539,03/01/2021,5,Germany
Altius,https://angel.co/company/altius-1,3,San Antonio,Fitness,http://www.altius.io,1-10,,,Apr ,01/01/2016,29.4246002,-98.4951405,03/01/2021,5,United States of America
Qordoba,https://angel.co/company/qordoba,5,San Francisco,SaaS,http://qordoba.com,11-50,Series B,19500000,Feb ,01/01/2016,37.7792808,-122.4192363,03/01/2021,5,United States of America
Caesium,https://angel.co/company/caesium-1,3,Berlin,Productivity Software,http://www.getcaesium.com,1-10,,,Apr ,01/01/2016,52.5170365,13.3888599,03/01/2021,5,Germany
WeTheProtesters,https://angel.co/company/wetheprotesters,4,St. Louis,Politics,http://WeTheProtesters.org,1-10,,,Apr ,01/01/2016,38.6268039,-90.1994097,03/01/2021,5,United States of America
Bird.i,https://angel.co/company/bird-i,4,Glasgow,Construction,http://www.hibirdi.com,11-50,Series A,3370000,Jan ,01/01/2016,55.8611389,-4.2501672,03/01/2021,5,Scotland
MDOps,https://angel.co/company/mdops-1,3,Melville,Artificial Intelligence,http://MDOps.com,1-10,Seed,620000,Feb ,01/01/2016,50.9307241,-102.8072963,03/01/2021,5,Canada
LotaData,https://angel.co/company/lotadata,4,San Francisco,Geospatial,http://lotadata.com,1-10,,,Jun ,01/01/2016,37.7792808,-122.4192363,03/01/2021,5,United States of America
SHEnetics,https://angel.co/company/shenetics,5,San Diego,Internet of Things,http://www.SHE.ai,1-10,Seed,,Apr ,01/01/2016,32.7174209,-117.1627714,03/01/2021,5,United States of America
Clear,https://angel.co/company/clear-3,4,San Francisco,Mobile Commerce,http://clear.sx,11-50,,,Feb ,01/01/2016,37.7792808,-122.4192363,03/01/2021,5,United States of America
iasqu,https://angel.co/company/iasqu,4,Hoboken,Retail Technology,http://www.iasqu.com,1-10,,,May ,01/01/2016,40.7433066,-74.0323752,03/01/2021,5,United States of America
Einsite,https://angel.co/company/einsite,4,San Francisco,Construction,http://www.einsite.com,11-50,,,May ,01/01/2016,37.7792808,-122.4192363,03/01/2021,5,United States of America
Finsophy PBC,https://angel.co/company/finsophy,4,Charlotte,Banking,http://www.finsophy.com,1-10,,120000,Mar ,01/01/2016,35.2270869,-80.8431268,03/01/2021,5,United States of America
ZoomThru,https://angel.co/company/zoomthru,4,San Mateo,Internet of Things,http://zoomthru.co,1-10,Seed,50000,Mar ,01/01/2016,37.496904,-122.3330573,03/01/2021,5,United States of America
H-Science,https://angel.co/company/hscience,3,New York City,Medical Devices,http://hsciencelabs.com,1-10,,,Jan ,01/01/2016,40.7127281,-74.0060152,03/01/2021,5,United States of America
frame.ai,https://angel.co/company/frame-ai,5,New York City,Customer Support Tools,http://frame.ai,1-10,Seed,3300000,Nov ,01/01/2016,40.7127281,-74.0060152,03/01/2021,5,United States of America
Skejul,https://angel.co/company/skejul,4,,Messaging,http://skejul.com,1-10,,379000,Apr ,01/01/2016,34.220389,70.3800314,03/01/2021,5,Afghanistan
Altoida,https://angel.co/company/altoida,4,Berlin,Medical Devices,http://www.altoida.com,1-10,Seed,1200000,Jun ,01/01/2016,52.5170365,13.3888599,03/01/2021,5,Germany
Notify.io,https://angel.co/company/notify-io,5,San Francisco,Messaging,http://www.notify.io,1-10,,,Jul ,01/01/2016,37.7792808,-122.4192363,03/01/2021,5,United States of America
Chatalytic,https://angel.co/company/chatalytic,4,San Francisco,SaaS,http://www.chatalytic.com,1-10,Seed,,Jun ,01/01/2016,37.7792808,-122.4192363,03/01/2021,5,United States of America
DroneSeed,https://angel.co/company/droneseed,5,Seattle,Industrial Automation,http://www.droneseed.co,11-50,,4820000,Jan ,01/01/2016,47.6038321,-122.3300624,03/01/2021,5,United States of America
Profiscope,https://angel.co/company/profiscope,3,San Francisco,Social Recruiting,http://www.profiscope.net,1-10,Seed,,Aug ,01/01/2016,37.7792808,-122.4192363,03/01/2021,5,United States of America
TravelBala,https://angel.co/company/travelbala,3,Taipei,Hospitality,http://www.travelbala.com,1-10,,,Apr ,01/01/2016,25.0375198,121.5636796,03/01/2021,5,Taiwan
Suggestv,https://angel.co/company/suggestv,3,London,Semantic Search,http://suggestv.io,1-10,Seed,1045000,Mar ,01/01/2016,51.5073219,-0.1276474,03/01/2021,5,England
RealBlocks,https://angel.co/company/realblocks,4,New York City,Blockchains,http://realblocks.com,1-10,Seed,3700000,Apr ,01/01/2016,40.7127281,-74.0060152,03/01/2021,5,United States of America
WallSensor Technologies,https://angel.co/company/wallsensor-technologies,1,Israel,Internet of Things,http://www.wallsensor.com,1-10,,,Apr ,01/01/2016,30.8760272,35.0015196,03/01/2021,5,Israel
Eyeware,https://angel.co/company/eyeware,4,Lisbon,Robotics,http://eyeware.tech,1-10,Seed,1900000,Mar ,01/01/2016,38.7077507,-9.1365919,03/01/2021,5,Portugal
Second Stage,https://angel.co/company/second-stage,1,Munich,Sports,http://None,1-10,,,May ,01/01/2016,48.1371079,11.5753822,03/01/2021,5,Germany
Myndata,https://angel.co/company/myndata,2,Milan,Data Mining,http://www.myndata.cloud,1-10,,,May ,01/01/2016,45.4668,9.1905,03/01/2021,5,Italy
Still Human Robotics,https://angel.co/company/still-human-1,2,Cergy,Robotics,http://cyborg-vegetal.fr,1-10,,,Jan ,01/01/2016,49.0527528,2.0388736,03/01/2021,5,France
SuperCareer.com,https://angel.co/company/supercareer,2,New York City,Human Resources,https://SuperCareer.com,11-50,,,Feb ,01/01/2016,40.7127281,-74.0060152,03/01/2021,5,United States of America
Cobrainer,https://angel.co/company/cobrainer-gmbh,3,Munich,Big Data Analytics,http://www.cobrainer.com,11-50,,,Mar ,01/01/2016,48.1371079,11.5753822,03/01/2021,5,Germany
Giftpack,https://angel.co/company/giftpack,3,Sydney,Share Economy,https://giftpack.io,11-50,,,Jun ,01/01/2016,-33.8548157,151.2164539,03/01/2021,5,Australia
Ohmelon,https://angel.co/company/ohmelon,3,Mexico City,Groceries,http://www.ohmelon.com,1-10,,,Jan ,01/01/2016,19.4326009,-99.1333416,03/01/2021,5,Mexico
getartwork,https://angel.co/company/getartwork,2,Rotterdam,Algorithms,https://get-art.work,1-10,,,Apr ,01/01/2016,51.9228934,4.4631786,03/01/2021,5,Netherlands
Deedabase,https://angel.co/company/deedabase,4,Austin,Oil and Gas,http://www.deedabase.com,1-10,,,Jul ,01/01/2016,30.2711286,-97.7436995,03/01/2021,5,United States of America
Uni Software Productions,https://angel.co/company/uni-software-productions,2,Canada,Developer Tools,http://www.usp.tech,1-10,,,May ,01/01/2016,61.0666922,-107.9917071,03/01/2021,5,Canada
IDVigil,https://angel.co/company/idvigil,4,Agoura Hills,Data Visualization,http://idvigil.com,1-10,,100000,Jan ,01/01/2016,34.14791,-118.7657042,03/01/2021,5,United States of America
Connection Labs,https://angel.co/company/peper,4,Taipei,China Internet,http://www.cnct.co,11-50,Seed,400000,Jan ,01/01/2016,25.0375198,121.5636796,03/01/2021,5,Taiwan
Datasnap.io,https://angel.co/company/datasnap-io,4,San Francisco,Retail Technology,http://www.datasnap.io,,Seed,1300000,Aug ,01/01/2017,37.7792808,-122.4192363,03/01/2021,4,United States of America
Glint,https://angel.co/company/glint,5,Redwood City,Human Resources,http://www.glintinc.com,51-200,Acquired,50700000,Mar ,01/01/2017,37.4863239,-122.2325233,03/01/2021,4,United States of America
Logyc,https://angel.co/company/logyc,3,Silicon Valley,Manufacturing,http://www.logyc.co,11-50,,,Feb ,01/01/2017,37.4429964,-122.1545229,03/01/2021,4,United States of America
deepomatic,https://angel.co/company/deepomatic,4,Paris,Computer Vision,http://www.deepomatic.com,11-50,,,Jul ,01/01/2017,48.8566101,2.3514992,03/01/2021,4,France
Quarrio ,https://angel.co/company/quarrio,3,Berkeley,Big Data Analytics,http://www.quarrio.com,1-10,,2100000,Aug ,01/01/2017,37.8708393,-122.2728639,03/01/2021,4,United States of America
TeamScience,https://angel.co/company/crewspark,4,New York City,Predictive Analytics,https://www.teamscience.com,1-10,,,May ,01/01/2018,40.7127281,-74.0060152,03/01/2021,3,United States of America
"N&C, Inc ",https://angel.co/company/n-c-inc,3,Baltimore,Government Innovation,http://www.Regendus.com,1-10,,684000,Feb ,01/01/2018,39.2908816,-76.610759,03/01/2021,3,United States of America
