Company,Link,Pitch,Joined,Location,Market,Website,Employees,Stage,Total_raised
EAT Club,https://angel.co/eat-club,"Great Food, Available to Everyone",Apr ’11,Silicon Valley,Restaurants,myeatclub.com,201-500,Series C,"$46,500,000"
Blend,https://angel.co/blend,,Jun ’12,San Francisco,Banking,blend.com,201-500,Series D,"$160,000,000"
Thinknum,https://angel.co/thinknum,Financial Data Analysis,Jun ’13,New York City,Big Data,thinknum.com,11-50,Seed,"$1,000,000"
Luxe,https://angel.co/luxe-1,On-demand valet parking and car services,Jul ’14,San Francisco,Parking,luxe.com,51-200,Acquired,"$75,500,000"
Trusted,https://angel.co/trusted,Better Child Care,Jul ’15,San Francisco,Child Care,usetrusted.com,11-50,Acquired,"$2,160,000"
Flip,https://angel.co/livewithflip,"Sublet, get out of a lease or find a flexible place to live.",May ’15,New York City,Rental Housing,flip.lease,11-50,Series A,"$7,400,000"
Landed,https://angel.co/landed,,Jul ’16,-,-,landed.com,11-50,-,-
Morty,https://angel.co/morty,Your smart home mortgage. We're hiring!,Aug ’16,New York City,Consumer Lending,himorty.com,11-50,Seed,"$3,000,000"
Aella Credit,https://angel.co/aella-credit,Instant Credit Solutions for Africans,Aug ’16,San Francisco,-,aellacredit.com,11-50,-,-
Flutterwave,https://angel.co/flutterwave,,Aug ’16,-,-,flutterwave.com,-,Seed,-
Rekener,https://angel.co/rekener,We help companies turn customer data into their biggest asset,Aug ’16,-,-,rekener.com,,Seed,"$4,950,000"
Tetra (YC W17),https://angel.co/tetra,AI notetaker for meetings,Mar ’17,San Francisco,Speech Recognition,asktetra.com,1-10,-,-
Zipline International,https://angel.co/zipline-international-1,,Jun ’17,-,-,,51-200,Series B,"$25,000,000"
Subdream Studios,https://angel.co/subdream-studios,Social VR Game,Nov ’16,San Mateo,Augmented Reality,subdreamstudios.com,1-10,-,-
Stedi,https://angel.co/stedi,Platform to automate billions of dollars in transactions between retailers and suppliers.,Dec ’16,Boulder,B2B,stedi.com,1-10,Seed,"$3,700,000"
Magnar,https://angel.co/magnar,Portuguese food-ordering marketplace,Jan ’17,Lisbon,Mobile Commerce,magnarapp.com,-,-,-
Princeton Ventures,https://angel.co/princeton-ventures,Princeton Ventures leads growth equity investments of $10 million to over $100 million.,Jan ’17,Princeton,Technology,princetonventures.com,1-10,-,-
hulu - Beijing,https://angel.co/hulu-beijing, American subscription video on demand service,Jan ’17,Beijing,TV Production,hulu.com,-,-,-
Kylie.ai,https://angel.co/kylieai,Automating Enterprise Conversations Through Cloning Technology,Jan ’17,San Francisco,SaaS,kylie.ai,1-10,-,-
Distributed Systems,https://angel.co/cleargraphinc,OS for dapps,Jan ’17,San Francisco,Identity,distributedsystems.com,1-10,-,-
Elevate,https://angel.co/elevate-3,Game-based cognitive training,Nov ’10,San Francisco,Educational Games,elevateapp.com,11-50,Series A,"$7,700,000"
DramaFever,https://angel.co/dramafever,A large and rapidly growing online video service for international TV/movies,Jul ’10,New York City,Film,dramafever.com,-,Acquired,"$7,000,000"
Tala,https://angel.co/talamobile,Modern credit for a mobile world,Sep ’11,Nairobi,Personal Finance,tala.co,201-500,Series C,"$107,400,000"
Help Scout,https://angel.co/help-scout,A help desk for teams that insist on a delightful customer experience,Apr ’12,Boston,Customer Service,helpscout.net,51-200,Series A,"$6,800,000"
RealPage,https://angel.co/realpage,,Feb ’13,San Francisco,Real Estate,realpage.com,1001-5000,IPO,"$66,401,577"
Tawkify,https://angel.co/tawkify,Tawkify brings the personalization of matchmaking to the masses.,Apr ’14,San Francisco,Online Dating,tawkify.com,11-50,-,-
Onfleet,https://angel.co/onfleet,Delightful Delivery Management,Jul ’12,San Francisco,Logistics,onfleet.com,11-50,Seed,"$4,920,000"
Joist,https://angel.co/joist,Estimating & Invoicing Tool for Contractors,Sep ’12,San Francisco,Small and Medium Businesses,joist.com,11-50,-,-
Nuzzel,https://angel.co/nuzzel,Next-generation news monitoring and research tool for busy professionals,Sep ’12,San Francisco,Social Media Platforms,nuzzel.com,1-10,,"$5,100,000"
Pathmatics,https://angel.co/adomic-formerly-yieldmetrics,Marketing Intelligence Platform,Feb ’13,Santa Monica,Analytics,pathmatics.com,11-50,Series A,"$4,700,000"
LoungeBuddy,https://angel.co/loungebuddy,Discover and access your airport oasis,Aug ’13,San Francisco,Social Travel,loungebuddy.com,11-50,,"$3,000,000"
EquityZen,https://angel.co/equityzen,Private Markets for the Public // Pre-IPO Stock Marketplace,Mar ’13,New York City,Investment Management,equityzen.com,11-50,Series B,"$6,500,000"
Techammer,https://angel.co/techammer,Angel investments of Halle Tecco + Jeff Hammerbacher ,Apr ’14,-,Technology,techammer.co,1-10,-,-
KeyMe,https://angel.co/keyme,Copy keys. Solve lockouts.,Jun ’13,New York City,Automated Kiosk,key.me,51-200,,"$70,100,000"
Clearbit,https://angel.co/clearbit,Build your business on better data,Dec ’14,San Francisco,Developer APIs,clearbit.com,11-50,,"$2,000,000"
Orro,https://angel.co/orro,Light is the fabric of our lives at home. ,Dec ’15,San Francisco,Consumer Electronics,getorro.com,11-50,-,-
Redspread,https://angel.co/redspread,,Apr ’16,-,-,,-,Acquired,"$120,000"
The Hustle,https://angel.co/the-hustle-1,Business news for millennials.,Aug ’16,San Francisco,Digital Media,thehustle.co,1-10,Seed,"$1,000,000"
Looklive,https://angel.co/looklive,Community and Marketplace for Men's fashion.,Aug ’16,San Francisco,E-Commerce Platforms,looklive.com,1-10,-,-
Neoteny 3,https://angel.co/neoteny-3,,Aug ’16,Boston,-,,1-10,-,-
ChowNow,https://angel.co/chownow,"Online ordering, marketing, and customer management platform for restaurants",Aug ’10,Los Angeles,Mobile Commerce,ChowNow.com,51-200,,"$21,000,000"
MeUndies,https://angel.co/meundies,Softer-than-soft basics for everybody.,Aug ’11,Culver City,Consumer,meundies.com,51-200,Seed,"$1,400,000"
Real Ventures,https://angel.co/real-ventures,Early-stage venture capital firm that backs entrepreneurs and builds ecosystems.,Feb ’12,Toronto,-,realventures.com,11-50,-,-
Emergence Capital Partners,https://angel.co/emergence-capital-partners,,Dec ’14,San Mateo,-,emcap.com,-,-,-
A Thinking Ape,https://angel.co/a-thinking-ape,Seriously addictive mobile games.,Jan ’12,Vancouver,Mobile Games,athinkingape.com,51-200,-,-
Bugsnag,https://angel.co/bugsnag,Automatic crash detection for web and mobile apps,Sep ’12,San Francisco,B2B,bugsnag.com,11-50,Series A,"$8,600,000"
Amino Apps,https://angel.co/amino-apps,Your Interests...Times Infinity,Nov ’13,Shanghai,Interest Graph,AminoApps.com,51-200,Series B,"$29,050,000"
Meadow,https://angel.co/meadow,All-in-One Cannabis Dispensary Software,Oct ’14,San Francisco,B2B,getmeadow.com,1-10,Seed,"$2,100,000"
Lugg,https://angel.co/lugg,On-Demand Moving & Delivery (YC S15),Oct ’14,San Francisco,Logistics,lugg.com,11-50,Seed,"$3,800,000"
Mode,https://angel.co/mode-inc,Collect data from the physical world,Oct ’14,San Mateo,Sensors,tinkermode.com,1-10,Seed,"$2,075,000"
Airtable,https://angel.co/airtable,The most flexible collaboration platform,Feb ’15,San Francisco,Databases,airtable.com,1-10,Series B,"$70,600,000"
Terminal 49,https://angel.co/terminal49,Making global trade more efficient and less expensive for businesses. ,Mar ’16,San Francisco,Logistics,terminal49.com,1-10,-,-
Ledger Investing,https://angel.co/ledger-investing,Marketplace for Insurance Securities (Y Combinator W17),Mar ’16,Washington DC,Insurance,ledgerinvesting.com,1-10,Seed,"$5,120,000"
Boom,https://angel.co/boom,Supersonic passenger airplanes you can afford to fly.,Apr ’16,Centennial,Aerospace,boomsupersonic.com,51-200,Series A,"$33,000,000"
Starcity,https://angel.co/starcity,Starcity is building a new category of real estate between hotel and housing. ,Apr ’16,San Francisco,Hospitality,starcity.com,11-50,Series A,"$20,300,000"
Brave,https://angel.co/brave,A better browser,Jul ’16,San Francisco,Web Browsers,brave.com,,Seed,"$11,500,000"
Ramen Ventures,https://angel.co/ramen-ventures,Angel fund investing in founders in Toronto.,Aug ’16,Toronto,Angels,ramen.ventures,1-10,-,-
Vida Health,https://angel.co/vida-health,,Sep ’16,-,-,-,-,Series B,"$18,000,000"
SV Liquidity,https://angel.co/hf-liquidity,Fund providing access to IPO opportunities,Oct ’16,San Francisco,B2B,svlq.io,1-10,-,-
KF20 Capital,https://angel.co/kf20-capital,,Apr ’17,San Francisco,-,,,-,-
Headout,https://angel.co/headout,Experience the world on-demand,Feb ’14,San Francisco,Mobile Commerce,headout.com,51-200,Seed,"$1,800,000"
HDS Capital,https://angel.co/hds-capital,"HDS invests in and mentors startups at the intersection of technology, retail and fashion.",Oct ’14,New York City,Brand Marketing,hdscapital.com,1-10,-,-
Sourcery,https://angel.co/sourcery,Mint.com + Mint Bills for Business,Oct ’14,San Francisco,Wholesale,getsourcery.com,11-50,Series A,"$7,500,000"
uMake,https://angel.co/umake,set your ideas free,Oct ’14,San Francisco,Product Design,umake.xyz,1-10,Seed,"$5,200,000"
WorkBright,https://angel.co/workbright,Onboarding HR paperwork without the paper. Or the work.,Oct ’14,Boulder,B2B,workbright.com,1-10,-,-
Ravti,https://angel.co/ravti,HVAC Management Platform for Commercial Real Estate,Oct ’14,Tampa,SaaS,ravti.com,1-10,-,-
Lassy Project,https://angel.co/lassy-project-1,Find Lost Children. Faster.,Oct ’14,The Woodlands,Europe,lassyproject.com,,-,-
MileIQ,https://angel.co/mileiq,The #1 mileage logging service.,Oct ’14,Redmond,Business Services,mileiq.com,51-200,Acquired,"$14,000,000"
Rebag,https://angel.co/rebagg,Endless access to luxury handbags,Oct ’14,New York City,Collaborative Consumption,rebag.com,51-200,Series B,"$28,300,000"
Vault12,https://angel.co/vault12,"Distributed, decentralized and serverless digital custody for all your cryptocurrency.",Nov ’14,Mountain View,Blockchains,vault12.com,1-10,-,-
Smarking,https://angel.co/smarking,Data Analytics for Parking,Dec ’14,San Francisco,Predictive Analytics,smarking.com,11-50,Seed,"$3,000,000"
Wootric,https://angel.co/wootric,Measure and boost customer happiness.,Oct ’14,San Francisco,B2B,wootric.com,11-50,Seed,"$2,600,000"
Kickback,https://angel.co/kickback,,Mar ’15,San Francisco,Skill Gaming,kickback.com,11-50,-,-
YesPath,https://angel.co/yespath,SaaS for Account Based Marketing,Dec ’14,San Francisco,Marketing Automation,yespath.com,1-10,Seed,"$1,700,000"
Boxed,https://angel.co/boxed,Online Wholesale,Dec ’14,New York City,E-Commerce,boxed.com,51-200,Series C,"$132,600,000"
Xfers,https://angel.co/xfers,Internet Banking Payment System,Jun ’15,Singapore,Payments,xfers.com,1-10,Seed,"$2,500,000"
Swell,https://angel.co/swellapp,The to-do list that literally works for you.,Aug ’15,New York City,Productivity Software,tryswell.com,1-10,-,-
Percolata,https://angel.co/percolata,Sense-able Retail Staffing,Jan ’15,Palo Alto,-,percolata.com,,Seed,"$5,000,000"
Chowbotics,https://angel.co/chowbotics,Robots for food service,Mar ’17,Redwood City,Restaurants,chowbotics.com,11-50,Seed,"$6,300,000"
WPP Ventures,https://angel.co/wpp-ventures,WPP's Strategic Corporate Venture Fund,Apr ’17,London,Retail Technology,wppventures.com,,-,-
Bit.ly,https://angel.co/bit-ly,,Jan ’12,-,-,bit.ly,51-200,Acquired,"$94,400,000"
Flow Labs,https://angel.co/flow-labs,Smarter water management for commercial real estate; Forbes 30 Under 30 - Energy,Nov ’15,Sunnyvale,Water,flowlabs.com,1-10,Seed,"$852,000"
datawire.io,https://angel.co/datawire-io,microservices,Nov ’14,San Francisco,Cloud Infrastructure,datawire.io,11-50,-,-
SUNDAR,https://angel.co/sundar-6,SaaS Sourcing for Apparel Industry,Nov ’14,New York City,B2B,sundar.io,11-50,,"$1,300,000"
Outreach,https://angel.co/outreach,Sales Engagement Platform,Nov ’14,Tampa,Sales Automation,outreach.io,201-500,Series C,"$59,000,000"
Evertoon,https://angel.co/evertoon,Make 3D animated movies starring celebrities,Nov ’14,San Francisco,Mobile Video,evertoon.com,1-10,Acquired,"$1,700,000"
Reveal,https://angel.co/reveal-4,"The ""Ask Me Anything"" social network using cryptocurrency to transform social media",Dec ’14,San Francisco,Photo Sharing,reveal.me,1-10,Seed,"$1,500,000"
BBG Ventures,https://angel.co/bbg-ventures,An early stage venture capital fund,Nov ’14,New York City,Curated Web,Website,,-,-
TetraScience,https://angel.co/tetrascience,Data platform for life sciences,Sep ’15,Boston,Technology,tetrascience.com,11-50,Series A,"$10,000,000"
Far East Ventures,https://angel.co/far-east-ventures,,Dec ’14,Singapore,Technology,fareast.ventures,,-,-
Brainchild & Co.,https://angel.co/brainchild-1,Building services and products for consumers,Jan ’15,New York City,Beauty,brainchild.co,11-50,-,-
Jobsinthemoney,https://angel.co/jobsinthemoney,,Jan ’15,-,-,-,-,-,-
OneEleven,https://angel.co/oneeleven-111,Post-Seed Stage Tech Accelerator,Mar ’15,Toronto,Technology,oneeleven.com,1-10,-,-
Signatures Capital,https://angel.co/signatures-capital,Supporting founders committed to inventing the future.,Jan ’15,San Francisco,Venture Capital,signaturescapital.com,1-10,-,-
TourBook,https://angel.co/tourbook,TourBook is a new way for commercial real estate brokers to work with their clients. ,Jan ’15,San Francisco,Commercial Real Estate,tourbookapp.com,1-10,-,-
Staffly,https://angel.co/staffly,On-demand Retail Staffing Marketplace,Sep ’15,San Francisco,Business Services,Staffly.com,1-10,Seed,"$2,610,000"
Brick & Mortar Ventures,https://angel.co/brick-mortar-ventures,Investing in Technology for the Built World,Jan ’15,San Francisco,Hospitality,brickmortar.vc,1-10,-,-
Drive Motors,https://angel.co/drive-motors,Online checkout for car dealerships (Y Combinator W2016),Mar ’15,San Francisco,Mobile Commerce,drivemotors.com,11-50,-,-
Parlio (acq. by Quora),https://angel.co/parlio,A global online community discussing what matters.,Jan ’15,Palo Alto,Blogging Platforms,parlio.com,1-10,-,-
Shred Video,https://angel.co/shred-video,1-button video editing,Nov ’15,San Francisco,Artificial Intelligence,shredvideo.com,,-,-
Talkray,https://angel.co/talkray,Messaging and Calling App,Sep ’14,Redwood City,Messaging,talkray.com,1-10,-,-
Clubhouse Software,https://angel.co/clubhouse-software,Project management tools you’ll actually enjoy using.,Sep ’14,New York City,Product Management,clubhouse.io,1-10,,"$4,000,000"
Lunar Wireless,https://angel.co/lunar-labs,Mobile without a monthly bill.,Sep ’14,Detroit,Telecommunications,lunarwireless.com,1-10,Seed,"$4,400,000"
Symphony,https://angel.co/symphony-3,The secure collaboration and workflow technology company,Oct ’14,Palo Alto,Messaging,symphony.com,201-500,,"$366,000,000"
BrightCrowd,https://angel.co/brightcrowd,The Smarter Professional Network,Oct ’14,Redwood City,Q&A,brightcrowd.com,1-10,-,-
Gyroscope,https://angel.co/gyroscope,A new OS for the human body,Oct ’14,San Francisco,Fitness,gyrosco.pe,1-10,-,-
Rhumbix,https://angel.co/rhumbix,Field Construction Productivity Solutions,Dec ’14,San Francisco,Industrial,rhumbix.com,11-50,Series D,"$12,260,000"
ShineOn.com,https://angel.co/shineonjewelry,ShineOn is an e-commerce platform that empowers the creation and sale of jewelry.,Oct ’15,Brooklyn,E-Commerce Platforms,shineon.com,11-50,-,-
Gridspace,https://angel.co/gridspace,Software that understands and automates real-time conversation,Nov ’14,San Francisco,Deep Learning,gridspace.com,11-50,-,-
Shinesty,https://angel.co/shinesty,Irreverent fashion for events year round. ,Oct ’14,Boulder,Fashion,shinesty.com,11-50,,"$330,000"
Untrodden,https://angel.co/untrodden,"An online treasure chest to places less-explored, starting with lodging. ",Oct ’14,San Francisco,Curated Web,untrodden.com,1-10,-,-
Wevorce,https://angel.co/wevorce,Changing Divorce For Good,Nov ’14,San Francisco,Legal,wevorce.com,,Seed,"$6,400,000"
Carbon Robotics,https://angel.co/carbon-robotics,Democratizing advanced robotics. ,Nov ’14,San Francisco,Robotics,carbon.ai,1-10,-,-
Spoil,https://angel.co/spoil,Gifting for the Snapchat Generation,Nov ’14,San Francisco,Ecommerce,spoil.co,1-10,-,-
Snowball,https://angel.co/snowball-2,All your mobile messages in one place,Nov ’14,San Francisco,Operating Systems,trysnowball.com,1-10,Seed,"$2,300,000"
Superhuman,https://angel.co/superhuman,The fastest email experience ever made. Sign up now for VIP access.,Aug ’15,San Francisco,SaaS,superhuman.com,11-50,-,-
Current Labs,https://angel.co/current-labs,Tools for managing aquatic ecosystems,Jan ’15,San Francisco,Experience Design,currentlabs.io,1-10,-,-
Bezar,https://angel.co/bezar,The Design Marketplace,Nov ’15,New York City,Marketplaces,bezar.com,,-,-
Replicated,https://angel.co/replicated,"Private SaaS, as a service",May ’15,Los Angeles,Docker,replicated.com,1-10,Series A,"$6,500,000"
Reach Capital,https://angel.co/reach-capital,,Feb ’16,-,-,reachcap.com,,-,-
ParkiFi,https://angel.co/parkifi,Real Time Parking Spot Occupancy Plaftorm,Sep ’14,Boulder,Mobile Payments,parkifi.com,,Acquired,"$9,500,000"
Zinc,https://angel.co/zinc-technologies,An Ecommerce Plumbing Company (YC W14),Sep ’14,San Francisco,B2B,zinc.io,11-50,-,-
Classkick,https://angel.co/classkick,"Student Feedback - Better, Faster, Together",Oct ’14,Chicago,K-12 Education,classkick.com,1-10,Seed,"$1,600,000"
Grabble,https://angel.co/grabble,Mobile Commerce Platform b2b and award winning b2c ,Oct ’14,London,Mobile Commerce,grabble.com,11-50,,"£2,100,000"
AspireIQ,https://angel.co/aspireiq,The leading influencer platform for producing branded creative at scale. ,Oct ’14,San Francisco,Social Media Marketing,aspireiq.com,51-200,Seed,"$2,400,000"
Vita-Mix,https://angel.co/vita-mix,,Oct ’14,-,-,,,-,-
FG Angels Syndicate Fund III,https://angel.co/fg-angels-syndicate-fund-iii,"1 Investment, 15 deals from FG Angels",Oct ’14,-,-,angel.co,,-,-
Channel,https://angel.co/channel-app,Watch the world.,Oct ’14,San Francisco,Video Streaming,channel.wtf,11-50,Seed,"$8,200,000"
KohFounders,https://angel.co/kohfounders,"KohFounders is a pre seed fund focused on emerging ecosystems. The team, advisors and investors have helped build and have experience at companies including Facebook, Sequoia Capital, Google, Snapchat, Groupon, Zynga, Kabam, ebay, uber, etc.  ",Oct ’14,-,-,kohfounders.com,11-50,-,-
v1.vc,https://angel.co/v1-vc,Seed-stage venture capital fund based in Boulder and San Francisco,Nov ’15,Boulder,Hardware + Software,v1.vc,1-10,-,-
Descartes Labs,https://angel.co/descartes-labs,Modeling complex systems on the planet,Apr ’15,Los Alamos,Agriculture,descarteslabs.com,,Seed,"$8,300,000"
Zensight,https://angel.co/zensight,Artificial intelligence for sales professionals,Dec ’14,Boston,Sales Automation,zensight.ai,1-10,Acquired,-
Roomblocker,https://angel.co/roomblocker,Hotel booking for groups and events (YC S15),Nov ’14,San Francisco,Hospitality,Roomblocker.com,,,"$120,000"
Bento,https://angel.co/bento-2,Delicious Asian food,Feb ’15,San Francisco,Mobile Commerce,bentonow.com,1-10,,"$1,500,000"
CTRL+Console,https://angel.co/ctrl-console,Computer interface for the 21st Century,Jan ’15,Boulder,Creative Industries,ctrlconsole.com,1-10,,"$261,000"
Opstarts,https://angel.co/opstarts,Planning and forecasting without spreadsheets,Nov ’14,San Francisco,B2B,opstarts.com,,-,-
NURX,https://angel.co/nurx,"Medication, Prescribed and Delivered",Nov ’14,San Francisco,Young Adults,nurx.co,11-50,Series A,"$5,300,000"
HOOKED,https://angel.co/hookedapp,Machine learning for storytelling,Jul ’15,San Francisco,Digital Entertainment,hooked.co,11-50,Series A,"$15,150,000"
Framer,https://angel.co/framer,The best way to create interactive designs from start to finish.,Nov ’14,Amsterdam,Developer Tools,framer.com,11-50,Series A,"$9,300,000"
Zen99,https://angel.co/zen99,Finance and insurance tools for freelancers,Aug ’14,San Francisco,-,tryzen99.com,1-10,Seed,"$2,500,000"
FLIP,https://angel.co/flip,eBay for the snapchat generation,Aug ’14,-,Ephemeral ,JustFlip.com,1-10,-,-
Dia&Co,https://angel.co/dia-co,Dia&Co is the leading personalized styling service for women who wear sizes 14+.,Sep ’14,Los Angeles,Retail Technology,dia.com,501-1000,Series A,"$20,000,000"
AngelList Consumer Fund I,https://angel.co/consumer-fund,A diversified portfolio of consumer technology investments,Sep ’14,San Francisco,Consumer Internet,angel.co,,-,-
Dwell,https://angel.co/dwell,Connecting the modern world.,Aug ’14,San Francisco,Interest Graph,dwell.com,11-50,Series A,"$4,800,000"
Growbot,https://angel.co/growbot,Employee engagement in Slack,Sep ’14,San Francisco,Messaging,growbot.io,1-10,Seed,"$2,000,000"
Thrive Agritech,https://angel.co/thrive-agritech,Better LED Horticultural Lighting through Technology,Sep ’15,New York City,Energy Efficiency,thriveagritech.com,11-50,,"$3,100,000"
Orphidia,https://angel.co/orphidia,Universal Platform For All Blood Tests,Aug ’14,San Francisco,Medical Devices,orphidia.com,11-50,Seed,"$1,805,000"
Breeze,https://angel.co/breeze,Leasing Platform for the On-Demand Economy,Sep ’14,San Francisco,-,joinbreeze.com,51-200,Seed,"$2,500,000"
Konsus,https://angel.co/konsushq,On-Demand Business Support,Feb ’16,Palo Alto,B2B,konsus.com,51-200,Seed,"$1,500,000"
The Mighty,https://angel.co/the-mighty,A platform that empowers and connects people facing health challenges and disabilities.,Sep ’14,Los Angeles,Digital Health,themighty.com,11-50,Seed,"$8,200,000"
Blockstream,https://angel.co/blockstream,Blockstream solves problems that undermine trust in today's financial systems.,Sep ’14,Mountain View,Data Security,blockstream.com,11-50,Series A,"$76,000,000"
Evolution Equity Partners,https://angel.co/evolution-equity-partners,Venture Capital Firm,Oct ’15,New York City,-,evolutionequity.com,1-10,-,-
MoveWith,https://angel.co/movewith,Your Personal Audio Fitness Studio,Sep ’14,San Francisco,Fitness,movewith.com,1-10,Seed,"$4,250,000"
Liucrative Endeavors,https://angel.co/liucrative-endeavors,Strategy and investment firm,Sep ’14,San Francisco,IaaS,,1-10,-,-
Chain,https://angel.co/chain-com,Ledger infrastructure for modern applications,Oct ’14,San Francisco,Developer APIs,chain.com,11-50,Seed,"$43,700,000"
Andy OS,https://angel.co/andy-os,An Android platform that connects mobile and desktop,Oct ’14,San Francisco,Android,andyroid.net,1-10,,"$3,000,000"
fuzzy.ai,https://angel.co/fuzzy-ai,Easy Machine Learning for Developers,Dec ’14,San Francisco,Developer APIs,fuzzy.ai,1-10,-,-
Cloudstitch,https://angel.co/cloudstitch,A web development platform that uses your office suite as the back-end,Oct ’14,San Francisco,Web Design,cloudstitch.com,1-10,Acquired,-
GitPrime,https://angel.co/gitprime,Productivity analytics for software teams,Oct ’14,Mountain View,Big Data Analytics,gitprime.com,11-50,Seed,"$800,000"
NGDATA,https://angel.co/ngdata,Experience The Difference,Oct ’12,Gent,Customer Experience,ngdata.com,51-200,Series B,"$25,400,000"
Dragoneer Investment Group,https://angel.co/dragoneer-investment-group,,Aug ’14,San Francisco,-,-,-,-,-
Noteleaf,https://angel.co/noteleaf,,Aug ’14,Palo Alto,Meeting Software,noteleaf.com,-,-,-
Growbots,https://angel.co/growbots,Outbound sales. 5 minutes a day. In one place,Sep ’14,San Francisco,Lead Generation,growbots.com,51-200,Seed,"$3,100,000"
Make School,https://angel.co/make-school,College designed for the 21st century,Sep ’14,San Francisco,Education,makeschool.com,11-50,Seed,"$4,375,000"
Bikanta,https://angel.co/bikanta,Nanodiamonds Redefining Imaging for Cancer Detection,Dec ’14,Berkeley,-,bikanta.com,1-10,-,-
Huckle,https://angel.co/huckle,Start your own live group chats with just a Tweet,Sep ’14,San Francisco,Messaging,HuckleApp.com,1-10,Seed,"$850,000"
harvest.ai,https://angel.co/harvest-ai,Stop data theft before it happens,Sep ’14,San Diego,Predictive Analytics,harvest.ai,11-50,Acquired,"$21,300,000"
Stream,https://angel.co/stream,"Stream is an API for building, scaling and personalizing feeds.",Sep ’14,Boulder,SaaS,getstream.io,11-50,Series A,"$4,750,000"
Livongo Health,https://angel.co/livongo-health,,Sep ’14,Chicago,-,livongo.com,-,Series B,"$74,500,000"
Supply Chain Connect,https://angel.co/supply-chain-connect,,Mar ’17,Newport News,E-Commerce,supplychainconnect.com,-,-,-
Liveli,https://angel.co/liveli,Automate your Hiring.,Mar ’15,San Francisco,Small and Medium Businesses,liveli.co,11-50,Acquired,-
Skyfront,https://angel.co/skyfront,"Long-endurance, hybrid-electric drone aircraft",Sep ’14,San Francisco Bay Area,Robotics,skyfront.com,,,"$120,000"
Mona,https://angel.co/shopwithmona,The world's smartest personal shopping assistant (Techstars NYC '15),Jul ’15,Seattle,Mobile Commerce,monahq.com,1-10,-,-
Barricade,https://angel.co/barricade,Early warning system against hackers,Nov ’14,Austin,Technology,barricade.io,11-50,Seed,"$1,200,000"
Skydio,https://angel.co/skydio,The self-flying camera has arrived,Oct ’14,Redwood City,Robotics,skydio.com,51-200,Series B,"$70,000,000"
MightySignal,https://angel.co/mightysignal,Providing critical insights into the mobile ecosystem,Oct ’14,San Francisco,B2B,mightysignal.com,1-10,,"$1,200,000"
JOANY,https://angel.co/hellojoany,"Health Insurance, Simple and Transparent",Dec ’14,Los Angeles,Insurance,joany.com,11-50,Series A,"$18,950,000"
Lookup,https://angel.co/lookupto,The Local Shopping Network.,Dec ’14,Delhi,Messaging,lookup.to,51-200,Acquired,"$2,882,000"
Marketplaces by Flight.vc,https://angel.co/marketplace-syndicate,"Online marketplaces have among the best network effects, revenue and profit models.",Dec ’14,San Francisco,Marketplaces,hi.com,,-,-
Watsi,https://angel.co/watsi,Building technology to finance healthcare for everyone,Jul ’13,Remote,Crowdfunding,watsi.org,11-50,Seed,"$1,200,000"
Battlefy,https://angel.co/battlefy,"The easiest way to start, manage, and find esports tournaments",May ’13,Vancouver,Fantasy Sports,battlefy.com,11-50,Seed,"$3,700,000"
Acre Designs,https://angel.co/acre-designs,Beautiful - Smart - Homes,Dec ’14,Mountain View,Construction,acredesigns.com,1-10,Seed,"$1,362,000"
Razorpay,https://angel.co/razorpay,A One Stop modern online payment gateway for India,Mar ’15,Bengaluru,Mobile Payments,razorpay.com,51-200,,"$11,500,000"
ROSS Intelligence,https://angel.co/ross-intelligence,Siri for the law. We provide cited answers to natural language legal questions.,Jan ’15,Palo Alto,Legal,rossintelligence.com,1-10,-,-
Allay,https://angel.co/allay,A modeling and quoting platform for self insured health plans. (AngelPad#8) ,Jan ’15,San Francisco,Insurance,allay.io,11-50,Seed,"$3,400,000"
UK Technology by Flight Ventures,https://angel.co/flight-vc-uk,Investing in early stage companies ,Dec ’14,London,Consumer,angel.co,1-10,-,-
SIZZLE,https://angel.co/onsizzle,Search and Share Any Meme,Jan ’15,San Francisco,Computer Vision,onsizzle.com,1-10,-,-
SpringRole,https://angel.co/springrole,Professional Network on the blockchain,Feb ’15,Santa Monica,Blockchains,springrole.com,11-50,Seed,"$250,000"
Grapevine,https://angel.co/grapevine,Global Influencer Marketing Ecosystem,Dec ’14,Boston,Advertising Platforms,grapevinelogic.com,11-50,Seed,"$1,100,000"
ICE,https://angel.co/ice,The International Conclave of Entrepreneurs,Dec ’14,London,Entrepreneurs,angel.co,51-200,-,-
London Bridge Ventures,https://angel.co/london-bridge-ventures,Investing in global innovations with a global vision,Jan ’15,London,-,londonbridgeventures.com,1-10,-,-
Node.io,https://angel.co/node-io,Discover your next opportunity,Apr ’15,San Francisco,Big Data,node.io,11-50,Seed,-
Paid,https://angel.co/paid-labs,Autopilot for Accounts Receivable,Jan ’15,San Francisco,Developer APIs,paidlabs.com,1-10,-,-
Zipline,https://angel.co/retailzipline,Real-time Operations for Retail,Jan ’15,San Francisco,Retail Technology,retailzipline.com,11-50,-,-
Jet,https://angel.co/jet-1,,Jan ’15,-,-,-,-,,"$215,000,000"
Canvas,https://angel.co/usecanvas,"Write, Collect, Learn",Jan ’15,San Francisco,Writers,usecanvas.com,1-10,-,-
happn app,https://angel.co/happn-app,Find the people you've crossed path with,Apr ’15,-,-,happn.com,,Series B,"$22,000,000"
Seneca Systems,https://angel.co/seneca-systems,Strengthen the vital bond between the government and its people.,Aug ’16,Redwood City,Governments,senecagov.com,11-50,Seed,"$3,500,000"
Assessments.com,https://angel.co/assessments-com,Corrections/Human Services Marketplace,Jan ’15,Salt Lake City,Predictive Analytics,assessments.com,1-10,-,-
reMail,https://angel.co/remail,,Jan ’12,-,Messaging,remail.com,-,Acquired,-
Phasor,https://angel.co/phasor,broadband on the move,Jan ’12,Washington DC,Communications Hardware,phasorsolutions.com,11-50,-,"$18,200,000"
Auctomatic,https://angel.co/auctomatic,,Aug ’12,San Francisco,Auctions,auctomatic.com,1-10,Acquired,"$5,000,000"
Jeeran,https://angel.co/jeeran,Local discovery based on community reviews,Apr ’12,"Jordan, JO",Crowdsourcing,jeeran.com,11-50,Seed,-
Digital Garage,https://angel.co/digital-garage,,Feb ’14,Tokyo,Investment Management,garage.co.jp,11-50,-,-
Banjo,https://angel.co/banjo,,Jul ’13,Redwood City,Concerts,ban.jo,51-200,,"$121,000,000"
FOBO,https://angel.co/fobo-1,"The fastest, easiest way to sell your electronics",Nov ’13,San Francisco,Hardware + Software,fobo.net,1-10,Acquired,"$2,600,000"
ReTel Technologies,https://angel.co/retel-technologies,,Jan ’12,San Francisco,Analytics,reteltechnologies.com,-,Acquired,"$1,000,000"
Lifeline Ventures,https://angel.co/lifeline-ventures,,Jan ’12,Helsinki,-,lifelineventures.com,-,Seed,"$20,700,000"
Work Market,https://angel.co/work-market,The on-demand labor platform ,Feb ’12,New York City,Freelancers,workmarket.com,51-200,Acquired,"$36,000,000"
Azuki Systems,https://angel.co/azuki-systems,,Jan ’12,Acton,Video Streaming,azukisystems.com,,Acquired,"$28,100,000"
Sungevity,https://angel.co/sungevity,,Dec ’14,Oakland,Solar,sungevity.com,501-1000,-,"$245,500,000"
Pocket,https://angel.co/pocket,"When you find something you want to view later, put it in Pocket.",Jan ’12,San Francisco,Android,getpocket.com,11-50,Acquired,"$14,500,000"
Hailo,https://angel.co/hailo,The Taxi Magnet,Aug ’12,New York City,Mobile Commerce,hailocab.com,51-200,Acquired,"$68,100,000"
Five Mill Ventures,https://angel.co/five-mill-ventures,,Sep ’14,-,-,fivemillventures.com,-,-,-
Gravity Ventures,https://angel.co/gravity-ventures,Gravity Ventures is a set of seed-stage angel funds that invests in tech-focused startups.,May ’12,Indianapolis,-,gravityventures.com,1-10,-,-
NeoEdge Networks,https://angel.co/neoedge-networks,,May ’13,Mountain View,Advertising,neoedge.com,-,Acquired,"$10,000,000"
Unitas Global,https://angel.co/unitas-global,Enterprise Private Cloud - Infrastructure as a Service,Mar ’13,-,Cloud Management,unitasglobal.com,51-200,Series A,"$5,700,000"
JibJab,https://angel.co/jibjab,,Apr ’12,Marina del Rey,Digital Entertainment,jibjab.com,51-200,Series C,"$17,900,000"
Moxxly,https://angel.co/moxxly,boss products for women,Mar ’15,San Francisco,Internet of Things,moxxly.com,1-10,Acquired,-
Bain Capital Ventures,https://angel.co/bain-capital-ventures,The best sales and biz dev platform a B2B startup could ask for.,Sep ’12,Boston,-,baincapitalventures.com,11-50,-,-
Lerer Hippeau,https://angel.co/lerer-hippeau,The most active early-stage investor in NYC. ,Apr ’13,New York City,-,lererhippeau.com,11-50,-,-
Phunware,https://angel.co/phunware,Everything You Need to Succeed on Mobile,Dec ’12,Austin,Mobile Advertising,phunware.com,51-200,Series E,"$78,420,000"
Azure Capital Partners,https://angel.co/azure-capital-partners,Hands-on post-seed investors,Apr ’14,San Francisco,-,azurecap.com,1-10,-,-
Centrify,https://angel.co/centrify,,Jan ’12,Sunnyvale,Identity Management,centrify.com,-,,"$94,000,000"
Mail.Ru Group,https://angel.co/mail-ru-group,Russian communication portal,Aug ’12,Russia,Curated Web,mail.ru,-,-,"$165,000,000"
IDInvest Partners,https://angel.co/idinvest-partners,,Jan ’12,Paris,-,idinvest.com,,-,-
Fivestars,https://angel.co/fivestars,Rewards and marketing platform for local businesses and the communities they serve,Feb ’13,San Francisco,Loyalty Programs,fivestars.com,201-500,Series C,"$92,650,000"
British Telecom,https://angel.co/british-telecom,,Jan ’12,-,-,bt.com,-,-,-
Next New Networks,https://angel.co/next-new-networks,A new kind of media company.,Jun ’12,New York City,Video Streaming,nextnewnetworks.com,1-10,Acquired,"$27,063,781"
Glympse,https://angel.co/glympse,"Real-time, ephemeral location sharing",Mar ’18,Seattle,-,glympse.com,11-50,Series C,"$19,500,000"
mLab,https://angel.co/mlab,Fully managed Database-as-a-Service for MongoDB,Jan ’13,San Francisco,Databases,mlab.com,11-50,Series B,"$8,000,000"
Crowdtap,https://angel.co/crowdtap,,Jul ’12,New York City,Advertising Platforms,corp.crowdtap.com,51-200,Series B,"$15,000,000"
Warburg Pincus,https://angel.co/warburg-pincus,,Jan ’12,New York City,-,warburgpincus.com,-,-,-
LeadGenius,https://angel.co/leadgenius,,Jul ’12,Berkeley,Crowdsourcing,leadgenius.com,11-50,Series B,"$22,200,000"
TPG Capital,https://angel.co/tpg-capital,,Jan ’12,Austin,-,tpg.com,-,-,-
Sparkroom,https://angel.co/sparkroom,Marketing automation for schools,May ’12,Toronto,-,sparkroom.com,-,Acquired,"$4,000,000"
Dyn,https://angel.co/dyn,Cloud-Based Internet Performance,Aug ’12,Manchester,Cloud Infrastructure,dyn.com,201-500,Series B,"$88,000,000"
MK Capital,https://angel.co/mk-capital,,Jan ’12,Northbrook,-,mkcapital.com,-,-,-
Alpha,https://angel.co/alpha-2,Private networking group for those passionate about the web,Jan ’12,Menlo Park,E-Commerce,Website,-,-,-
Mobli,https://angel.co/mobli,"Mobli is a photo & video sharing app based on subjects, places and people",May ’13,Tel Aviv-Yafo,Real Time,mobli.com,1-10,Series A,"$86,045,000"
Joyus,https://angel.co/joyus,,Jun ’15,San Francisco,E-Commerce,joyus.com,-,,"$43,400,000"
interclick,https://angel.co/interclick,,Jul ’12,New York City,Advertising,interclick.com,-,Acquired,"$288,100,000"
Bitdefender,https://angel.co/bitdefender,Top Antivirus Technology,Sep ’12,Bucharest,Software,bitdefender.com,-,,"$7,000,000"
Mesmo,https://angel.co/mesmo-tv,,Feb ’17,San Francisco,Games,mesmo.tv,1-10,Acquired,"$900,000"
Bullhorn,https://angel.co/bullhorn,,Sep ’12,Boston,Staffing Firms,bullhorn.com,,Series C,"$27,500,000"
Kobalt,https://angel.co/kobalt,,Feb ’15,New York City,-,kobaltmusic.com,1-10,Series C,"$76,000,000"
Borealis Ventures,https://angel.co/borealis-ventures,,Sep ’14,Hanover,-,borealisventures.com,,-,-
UFOstart AG,https://angel.co/ufostart,Crowdsourcing lean startups with investors and experts and customers.,May ’13,Berlin,Crowdsourcing,ufostart.com,11-50,,"$1,000,000"
App Annie,https://angel.co/app-annie,Build a better app business.,Feb ’13,San Francisco,App Stores,appannie.com,201-500,Series E,"$140,000,000"
GrandBanks Capital,https://angel.co/grandbanks-capital,,Feb ’14,Wellesley,-,GrandBanksCapital.com,-,-,-
T5 Capital,https://angel.co/t5-capital,,Mar ’12,New York City,-,t5capital.com,1-10,-,-
Betable,https://angel.co/betable,Legally add real-money gambling to your games.,Feb ’12,San Francisco,Gambling,developers.betable.com,11-50,Series A,"$18,500,000"
Ubersense,https://angel.co/ubersense-1,Ubersense is a mobile app that helps people improve at sports through video coaching.,Sep ’12,Boston,Health and Wellness,ubersense.com,1-10,Acquired,"$1,150,000"
GramercyOne,https://angel.co/gramercyone,,Sep ’12,-,-,gramercyone.com,-,Series A,"$14,500,000"
ChickRx,https://angel.co/chickrx,Wellness Advice & Coaching,Jun ’12,San Francisco,Women-Focused,chickrx.com,1-10,-,"$540,000"
Wimdu,https://angel.co/wimdu,Simply Better than a Hotel,Jan ’14,Berlin,Vacation Rentals,wimdu.com,201-500,Series A,"$90,000,000"
Chirpme,https://angel.co/chirpme-1,,Oct ’12,-,Online Dating,,11-50,Acquired,-
Cinchcast,https://angel.co/cinchcast,,Jun ’12,New York City,Video Streaming,cinchcast.com,1-10,-,"$7,300,000"
Mintigo,https://angel.co/mintigo,,Jun ’13,San Mateo,Lead Generation,mintigo.com,-,Series D,"$34,000,000"
Luminate,https://angel.co/luminate,,Jan ’12,Mountain View,-,luminate.com,-,Acquired,"$28,450,000"
Happiness Engines,https://angel.co/happiness-engines,,Jun ’12,-,-,happinessengines.com,-,-,-
Onestop Internet,https://angel.co/onestop-internet,Full-spectrum outsourced retail e-commerce development and management.,Jul ’12,-,E-Commerce,onestop.com,201-500,Series B,"$22,450,000"
InContext Solutions,https://angel.co/incontext-solutions,,Dec ’12,Chicago Heights,Software,incontextsolutions.com,-,,"$36,200,000"
Cantaloupe Systems,https://angel.co/cantaloupe-systems,Cloud and Mobile Solutions for Vending Operators,May ’14,San Francisco,B2B,cantaloupesys.com,51-200,Series C,"$12,400,000"
Nanotronics Imaging,https://angel.co/nanotronics-imaging-2,,Mar ’12,-,-,,-,Series D,"$37,000,000"
Ionic Security,https://angel.co/ionic-security,The Unified Data and Mobility Security Platform,Dec ’12,Atlanta,Enterprise Security,ionicsecurity.com,1-10,Series C,"$120,000,500"
Delectable,https://angel.co/delectable,,May ’12,-,-,delect,11-50,Acquired,"$3,000,000"
Campaign Monitor,https://angel.co/campaign-monitor,Send beautiful email newsletters.,Jun ’13,Sydney,Email Newsletters,campaignmonitor.com,51-200,,"$250,000,000"
Passion Capital,https://angel.co/passion-capital,,Jan ’12,London,Venture Capital,passioncapital.com,1-10,-,-
Connect Ventures,https://angel.co/connect-ventures,Where Product Founders Fit,Mar ’12,London,Early-Stage Technology,connectventures.co,1-10,-,-
BlueSprig,https://angel.co/bluesprig,mobile security software,Mar ’12,San Francisco,Software,bluesprig.com,-,Series A,"$10,000,000"
XSeed Capital,https://angel.co/xseed-capital,Seed-stage venture capital firm,Oct ’12,-,-,xseedcap.com,1-10,-,-
younity (Entangled Media Corp.),https://angel.co/entangled-media,"All your music, videos, photos and documents on all your devices, regardless of storage.",May ’12,Boulder,Cloud Data Services,getyounity.com,11-50,Series A,"$12,830,000"
Timehop,https://angel.co/timehop,NYC's fastest growing mobile startup -- building the future of the past,Mar ’13,New York City,Photography,timehop.com,11-50,Series B,"$14,118,000"
African News Innovation Challenge,https://angel.co/african-news-innovation-challenge,Africa's largest fund for digital journalism,Feb ’12,-,East Africa,africannewschallenge.org,1-10,-,-
Maker Studios,https://angel.co/maker-studios,TV meets Youtube,Mar ’15,Los Angeles,Content,makerstudios.com,201-500,,"$526,000,000"
Brooklyn Bridge Ventures,https://angel.co/brooklyn-bridge-ventures,"Early Stage, Pre-Seed, and Seed Investments in New York City",Feb ’13,New York City,-,brooklynbridge.vc,1-10,-,-
GetGoing,https://angel.co/getgoing,,Nov ’12,Redwood City,Online Travel,getgoing.com,11-50,-,-
Sqor Sports,https://angel.co/sqor-sports,"Sqor Sports is a social platform designed for engagement between fans, teams, and athletes",Jan ’12,San Francisco,Mobile Advertising,Sqor.com,11-50,,"$4,000,000"
Burner,https://angel.co/burner,Next-generation phone numbers for privacy and identity in the mobile world,Apr ’12,Los Angeles,Telephony,burnerapp.com,1-10,Series A,"$2,000,000"
Surf Air,https://angel.co/surf-air,All-you-can-fly private airline,Aug ’12,Santa Monica,Hospitality,surfair.com,11-50,Series B,"$80,890,000"
mom trusted,https://angel.co/mom-trusted,Social marketplace for early education and care,Mar ’12,Menlo Park,Local Services,momtrusted.com,1-10,-,"$1,000,000"
Pipewise,https://angel.co/pipewise,,Jul ’12,San Francisco,CRM,pipewise.com,-,Series A,"$3,500,000"
Artspace,https://angel.co/artspace,,Feb ’12,New York City,E-Commerce,artspace.com,-,Series B,"$12,200,000"
Anchor Intelligence,https://angel.co/anchor-intelligence,,Feb ’12,Mountain View,Advertising,anchorintelligence.com,-,Series B,"$6,000,000"
Airtime,https://angel.co/airtime,All Together Now,Jan ’13,Brooklyn,Messaging,airtime.com,11-50,-,"$41,750,000"
Chloe + Isabel,https://angel.co/chloe-isabel,Social retail for the next generation of entrepreneurs,Feb ’13,New York City,Jewelry,chloeandisabel.com,51-200,-,"$29,200,000"
Xoom,https://angel.co/xoom-1,,Aug ’15,San Francisco,P2P Money Transfer,xoom.com,-,IPO,"$78,029,000"
Ebuzzing,https://angel.co/ebuzzing,THE GLOBAL EXPERTS IN VIDEO ADVERTISING,Jul ’12,Paris,Online Video Advertising,ebuzzing.com,201-500,-,"$46,300,000"
Photobucket,https://angel.co/photobucket-1,,Jul ’17,Palo Alto,Photography,photobucket.com,-,-,"$16,700,000"
Tango,https://angel.co/tango-3,,Feb ’12,Palo Alto,-,tango.me,-,Series D,"$327,000,000"
Fancy,https://angel.co/fancy,"Discover amazing stuff, collect the things you love, buy it all in one place. ",Jun ’13,New York City,Shopping,fancy.com,51-200,Series D,"$117,400,000"
Good Eggs,https://angel.co/good-eggs,"Absurdly fresh groceries, delivered. ",Sep ’13,San Francisco,Groceries,goodeggs.com,201-500,Series B,"$44,500,000"
ZYB,https://angel.co/zyb,,Jun ’12,Copenhagen,-,zyb.com,-,Acquired,-
TrustedID,https://angel.co/trustedid,,Feb ’12,Redwood City,Security,trustedid.com,-,Acquired,"$25,000,000"
Cuyana,https://angel.co/cuyana,"Fewer, Better Things",Feb ’12,San Francisco,Fashion,cuyana.com,11-50,Seed,"$1,700,000"
Datalogix,https://angel.co/datalogix,,Feb ’12,Westminster,Advertising,datalogix.com,-,Acquired,"$86,500,000"
Blumberg Capital,https://angel.co/blumberg-capital,,Feb ’12,San Francisco,-,blumbergcapital.com,11-50,-,-
Nuxeo,https://angel.co/nuxeo,Content Management Platform for Business Applications,Mar ’12,New York City,Open Source,nuxeo.com,51-200,,"$36,550,000"
AOL,https://angel.co/aol,,Feb ’12,New York City,Advertising Platforms,aol.com,-,,"$1,000,000,000"
Treehouse,https://angel.co/treehouse,"Effective, affordable  tech education",Nov ’12,Portland,Training,teamtreehouse.com,51-200,Series B,"$12,350,000"
Hint Water,https://angel.co/hint-water,Hint helps people drink more water rather than beverages with added junk.,Apr ’14,San Francisco,Lifestyle Products,drinkhint.com,51-200,-,-
Amplify.LA,https://angel.co/amplifyla,Amplify backs LA's strongest teams at the earliest stages,May ’12,Los Angeles,SaaS,amplify.la,1-10,-,-
"Bark & Co (BarkBox, BarkPost, BarkShop)",https://angel.co/bark-co-barkbox-barkpost-barkshop,Making dogs happy.,Apr ’12,Columbus,Pets,barkbox.com,51-200,Series B,"$91,725,000"
Apptopia,https://angel.co/apptopia,Quantcast for Apps. Accurate market intelligence on the global app ecosystem.,May ’12,Boston,Big Data Analytics,apptopia.com,51-200,Seed,"$6,005,000"
Ignighter,https://angel.co/ignighter,,Feb ’12,-,-,ignighter.com,-,Series A,"$4,215,000"
Unsubscribe.com,https://angel.co/unsubscribe-com,,Feb ’12,Santa Monica,Curated Web,unsubscribe.com,-,Acquired,"$2,100,000"
Cherry,https://angel.co/cherry,,Jun ’12,San Francisco,Automotive,cherry.com,-,Series A,"$5,250,000"
The Extraordinaries,https://angel.co/the-extraordinaries,,Feb ’12,San Francisco,Business Services,BeExtra.org,-,Seed,"$1,100,000"
Nimble CRM,https://angel.co/nimble-crm,,Feb ’12,Santa Monica,-,nimble.com,-,Seed,"$3,000,000"
Buysight,https://angel.co/buysight,,Feb ’12,Palo Alto,Advertising,buysight.com,-,Series B,"$24,030,000"
AdKeeper,https://angel.co/adkeeper,,Feb ’12,New York City,Advertising,adkeeper.com,-,Series B,"$43,000,000"
Lover.ly,https://angel.co/lover-ly-1-deleted,,Feb ’12,-,-,Lover.ly,-,Series A,"$6,500,000"
AdGrok,https://angel.co/adgrok,,Dec ’12,San Francisco,Advertising,adgrok.com,-,Acquired,"$470,000"
WeShop,https://angel.co/weshop,,Jul ’13,New York City,Curated Web,weshop.com,-,-,"$5,750,000"
Zecco,https://angel.co/zecco,"Zecco offered quite possibly the best value in online investing, from 2006 to 2012.",Sep ’12,San Francisco,Trading,zecco.com,-,Acquired,"$310,000,000"
Red Robot Labs,https://angel.co/red-robot-labs-1,Location games and platform,Feb ’12,Mountain View,Location Based Services,redrobot.com,-,Series A,"$10,500,000"
Lexity,https://angel.co/lexity,Advertising on Autopilot.,Mar ’12,Mountain View,Small and Medium Businesses,lexity.com,1-10,Acquired,"$5,700,000"
DueDil,https://angel.co/duedil,The data backbone of business,Mar ’12,London,B2B,duedil.com,51-200,Series A,"$22,000,000"
AirPR,https://angel.co/airpr,"AirPR is a PRTech company that provides analytics, insights, and measurement solutions",Feb ’12,San Francisco,Public Relations,airpr.com,1-10,Series B,"$10,000,000"
Wikimedia Foundation,https://angel.co/wikimedia-foundation,Imagine a world in which every single human can freely share in the sum of all knowledge.,Jul ’13,San Francisco,Open Source,wikimediafoundation.org,201-500,-,"$82,200,000"
Glynn Capital Management,https://angel.co/glynn-capital-management,,May ’17,Menlo Park,-,glynncapital.com,-,-,-
Lyst,https://angel.co/lyst,Fashion Marketplace & Data Platform,Feb ’12,London,Comparison Shopping,Lyst.com,51-200,Series C,"$60,500,000"
Drawn to Scale,https://angel.co/drawn-to-scale,"The first SQL and MongoQL database for Big Data Applications, built on Hadoop",Oct ’12,San Francisco,Databases,drawntoscale.com,1-10,-,"$925,000"
Simple Finance Technology,https://angel.co/simple-finance-technology,,Feb ’12,Portland,-,simple.com,-,Series B,"$13,090,000"
Experience Project,https://angel.co/experience-project,,Jul ’12,San Francisco,Analytics,experienceproject.com,1-10,Series D,"$9,600,000"
The Climate Corporation,https://angel.co/the-climate,,Jul ’12,San Francisco,Risk Management,climate.com,1-10,Acquired,"$1,038,900,000"
Ze Frank Games,https://angel.co/ze-frank-games-2,,Feb ’12,Los Angeles,-,-,-,Acquired,"$500,000"
SGN (Social Gaming Network),https://angel.co/sgn-social-gaming-network,,Apr ’14,Los Angeles,Games,sgn.com,51-200,,"$149,600,000"
VitaPortal,https://angel.co/vitaportal,Provider of Personalized Real-time Healthcare Information,Jul ’12,Moscow,Mobile Advertising,vitaportal.ru,11-50,-,"$4,350,000"
webmynd,https://angel.co/webmynd,,Sep ’13,San Francisco,-,webmynd.com,-,Seed,"$604,400"
TakeLessons,https://angel.co/takelessons,"Online Marketplace for Performing Arts, Languages and Tutoring",May ’13,San Diego,Edtech,takelessons.com,51-200,Series C,"$18,800,000"
Enernetics,https://angel.co/enernetics,,Feb ’12,Cambridge,Software,enernetics.com,-,Seed,-
Marketcetera,https://angel.co/marketcetera,,Dec ’12,San Francisco,Software,marketcetera.com,-,Series A,"$4,000,000"
MOVL,https://angel.co/movl,Connecting Mobile Devices and SmartTVs,Jun ’12,Atlanta,Social Television,movl.com,-,Acquired,-
Shop Hers,https://angel.co/shop-hers,An International peer to peer luxury marketplace.,Mar ’12,Los Angeles,Fashion,Shop-Hers.com,1-10,Acquired,"$3,500,000"
TastemakerX,https://angel.co/tastemakerx,"Curate, listen to and share music collections of the artists you love",Mar ’12,San Francisco,Games,tastemakerx.com,1-10,Series B,"$3,050,000"
FanChatter,https://angel.co/fanchatter,Turn Your Crowd On.,Mar ’12,Minneapolis,Sports Stadiums,fanchatter.com,1-10,Seed,"$20,000"
NewHive,https://angel.co/newhive,THE MULTI MEDIA PUBLISHING PLATFORM,Mar ’12,San Francisco,Publishing,newhive.com,1-10,-,"$775,000"
RayV,https://angel.co/rayv,,Feb ’12,New York City,Peer-to-Peer,rayv.com,-,-,"$16,000,000"
Appy Couple,https://angel.co/appy-couple,Social events platform to manage and share your private celebratory events,Apr ’12,New York City,Mobile Commerce,appycouple.com,1-10,-,"$2,725,000"
Laconia Ventures,https://angel.co/laconia-ventures,Early-stage NYC based VC  focused on IT,Feb ’12,New York City,-,laconiaventures.com,-,-,-
Virtrue,https://angel.co/virtrue,"Verified identity - accurate, instantaneous, used wherever transactions occur.",Sep ’12,San Francisco,Fraud Detection,Website,1-10,-,-
CarWoo!,https://angel.co/carwoo-1,,Oct ’13,San Francisco,Auto,carwoo.com,1-10,Series B,"$10,820,000"
Mint,https://angel.co/mint,,Feb ’12,Mountain View,Finance,mint.com,-,Acquired,"$201,775,000"
Sofa Labs,https://angel.co/sofa-labs,,Feb ’12,San Mateo,Social Media,sofalabs.com,-,Series A,"$1,200,000"
Worldly Developments,https://angel.co/worldly-developments,,Feb ’12,San Francisco,Real Time,worldlydevelopments.com,-,Seed,"$800,000"
Nowbox,https://angel.co/nowbox,,May ’12,San Francisco,Mobile,nowbox.com,-,Seed,-
Solve Media,https://angel.co/solve-media,Really great advertising,Feb ’12,-,-,solvemedia.com,-,Series A,"$4,000,000"
RecordSetter,https://angel.co/recordsetter,"""the Wikipedia of world records"" - Wired",May ’12,Los Angeles,Social Games,recordsetter.com,1-10,,"$1,600,000"
Versly,https://angel.co/versly,,Nov ’14,San Francisco,Presentations,versly.com,-,Acquired,-
Fab,https://angel.co/fab,,Feb ’12,New York City,Apps,fab.com,-,Series C,"$336,325,000"
GoChime,https://angel.co/gochime,Social Marketing Automation ,Aug ’12,New York City,Email Marketing,gochime.com,1-10,Acquired,"$1,750,000"
Funny Or Die,https://angel.co/funny-or-die,,Feb ’13,San Mateo,Celebrity,funnyordie.com,51-200,,"$18,000,000"
Extension Entertainment,https://angel.co/extension-entertainment,Social Music Discovery @Exfm,Jul ’13,New York City,Curated Web,ex.fm,1-10,Acquired,"$2,750,000"
Slice,https://angel.co/slice-1,,Oct ’13,Palo Alto,Curated Web,slice.com,11-50,-,"$38,000,000"
Scripted.com,https://angel.co/scripted-com,,Feb ’12,San Francisco,-,scripted.com,-,Series B,"$9,850,000"
Bloom Studio,https://angel.co/bloom-studio,,Jul ’13,-,-,bloom.io,-,Seed,-
TripleLift,https://angel.co/triplelift,Programmatic Native Advertising,Apr ’12,London,Native Advertising,triplelift.com,51-200,Series B,"$16,625,000"
Cheezburger,https://angel.co/cheezburger,Social Humor Network,Oct ’13,Seattle,SaaS,cheezburger.com,1-10,Acquired,"$37,000,000"
Topix,https://angel.co/topix,Your town. Your news. Your take.,Sep ’13,Palo Alto,Politics,topix.com,11-50,Series A,"$15,000,000"
TomorrowVentures,https://angel.co/tomorrowventures,,Jan ’12,Palo Alto,-,tomorrowvc.com,-,-,-
DOCOMO Capital,https://angel.co/docomo-capital,,Jan ’12,Palo Alto,Digital Media,docomo-capital.com,-,-,-
Composite Software,https://angel.co/composite-software,,Jan ’12,San Mateo,Web CMS,compositesw.com,1-10,Series D,"$12,900,000"
Silk,https://angel.co/silk,The platform for structured content.,Feb ’12,Amsterdam,SEO,silk.co,11-50,Acquired,"$3,200,000"
MobPartner,https://angel.co/mobpartner,,Jan ’12,Paris,Mobile Advertising,mobpartner.com,51-200,Acquired,"$61,500,000"
Merus Capital,https://angel.co/merus-capital,A team approach to Series A and seed investing. We invest in real software solving real problems. ,Mar ’13,Palo Alto,-,meruscap.com,1-10,-,-
Moat,https://angel.co/moat,,Mar ’13,New York City,Advertising Platforms,moat.com,201-500,Acquired,"$916,500,000"
PROPS by YouNow,https://angel.co/younow,A decentralized ecosystem of video applications,Jan ’13,New York City,Video Streaming,propsproject.com,11-50,,"$30,000,000"
RRE Ventures,https://angel.co/rre-ventures,Early-stage venture capital. We help build startups that transform industries.,Jul ’12,New York City,-,rre.com,1-10,-,-
iWeb Technologies,https://angel.co/iweb-technologies,,Aug ’13,Montreal,-,iweb.com,201-500,,"$22,000,000"
Upfront Ventures,https://angel.co/upfront-ventures,,Jun ’13,Los Angeles,Finance,upfront.com,11-50,-,-
Markupwand,https://angel.co/markupwand,Convert Photoshop files to beautiful HTML and CSS like magic (YC S12),May ’12,Mountain View,Web Design,markupwand.com,-,-,-
Sunglass,https://angel.co/sunglass,Design Together,Apr ’12,San Francisco,Product Design,sunglass.io,-,Seed,"$1,800,000"
Octavian Ventures,https://angel.co/octavian-ventures,Seed capital Angel Fund,Dec ’13,Las Vegas,Pre Seed,octavianventures.com,1-10,Series A,"$15,000,000"
ShopLocket,https://angel.co/shoplocket,The easiest way to start collecting pre-orders.,Feb ’12,Toronto,Mobile Commerce,shoplocket.com,11-50,Acquired,"$1,000,000"
Minbox,https://angel.co/minbox,Changing the way you work,Mar ’12,San Francisco,File Sharing,minbox.com,1-10,Seed,-
Metail,https://angel.co/metail,Virtual fittingroom technology for fashion retailers,Feb ’12,London,Retail Technology,metail.com,11-50,,"$24,886,349"
Wanderable,https://angel.co/wanderable,Register for adventure. Live for love. ,May ’12,Redwood City,Weddings,wanderable.com,1-10,Acquired,-
